1	Archaeoglobus fulgidus | WP_010879134.1	cellular organisms; Archaea; Euryarchaeota; Archaeoglobi; Archaeoglobales; Archaeoglobaceae; Archaeoglobus; Archaeoglobus fulgidus
2	Archaeoglobus fulgidus | WP_010879084.1	cellular organisms; Archaea; Euryarchaeota; Archaeoglobi; Archaeoglobales; Archaeoglobaceae; Archaeoglobus; Archaeoglobus fulgidus
3	Archaeoglobus profundus | WP_048084952.1	cellular organisms; Archaea; Euryarchaeota; Archaeoglobi; Archaeoglobales; Archaeoglobaceae; Archaeoglobus; Archaeoglobus profundus
4	Archaeoglobus sulfaticallidus | WP_015591542.1	cellular organisms; Archaea; Euryarchaeota; Archaeoglobi; Archaeoglobales; Archaeoglobaceae; Archaeoglobus; Archaeoglobus sulfaticallidus
5	Archaeoglobus veneficus | WP_013683474.1	cellular organisms; Archaea; Euryarchaeota; Archaeoglobi; Archaeoglobales; Archaeoglobaceae; Archaeoglobus; Archaeoglobus veneficus
6	Geoglobus acetivorans | WP_048093460.1	cellular organisms; Archaea; Euryarchaeota; Archaeoglobi; Archaeoglobales; Archaeoglobaceae; Geoglobus; Geoglobus acetivorans
7	Halapricum salinum | WP_049992990.1	cellular organisms; Archaea; Euryarchaeota; Halobacteria; Halobacteriales; Haloarculaceae; Halapricum; Halapricum salinum
8	Halomicrobium katesii | WP_026190291.1	cellular organisms; Archaea; Euryarchaeota; Halobacteria; Halobacteriales; Haloarculaceae; Halomicrobium; Halomicrobium katesii
9	Natronomonas pharaonis | WP_011323101.1	cellular organisms; Archaea; Euryarchaeota; Halobacteria; Halobacteriales; Haloarculaceae; Natronomonas; Natronomonas pharaonis
10	Haladaptatus paucihalophilus | WP_018128943.1	cellular organisms; Archaea; Euryarchaeota; Halobacteria; Halobacteriales; Halobacteriaceae; Haladaptatus; Haladaptatus paucihalophilus
11	Halanaeroarchaeum sulfurireducens | WP_050048430.1	cellular organisms; Archaea; Euryarchaeota; Halobacteria; Halobacteriales; Halobacteriaceae; Halanaeroarchaeum; Halanaeroarchaeum sulfurireducens
12	Haloarchaeobius iranensis | WP_089731630.1	cellular organisms; Archaea; Euryarchaeota; Halobacteria; Halobacteriales; Halobacteriaceae; Haloarchaeobius; Haloarchaeobius iranensis
13	Halobacterium jilantaiense | WP_089670343.1	cellular organisms; Archaea; Euryarchaeota; Halobacteria; Halobacteriales; Halobacteriaceae; Halobacterium; Halobacterium jilantaiense
14	Halodesulfurarchaeum formicicum | WP_070365036.1	cellular organisms; Archaea; Euryarchaeota; Halobacteria; Halobacteriales; Halobacteriaceae; Halodesulfurarchaeum; Halodesulfurarchaeum formicicum
15	Halobellus limi | WP_103992180.1	cellular organisms; Archaea; Euryarchaeota; Halobacteria; Haloferacales; Haloferacaceae; Halobellus; Halobellus limi
16	Haloferax sp. Q22 | WP_058828157.1	cellular organisms; Archaea; Euryarchaeota; Halobacteria; Haloferacales; Haloferacaceae; Haloferax
17	Halogranum rubrum | WP_089869605.1	cellular organisms; Archaea; Euryarchaeota; Halobacteria; Haloferacales; Haloferacaceae; Halogranum; Halogranum rubrum
18	Haloferacaceae archaeon SYSU A9-0 | WP_101296147.1	cellular organisms; Archaea; Euryarchaeota; Halobacteria; Haloferacales; Haloferacaceae; unclassified Haloferacaceae
19	Salinigranum rubrum | WP_103424300.1	cellular organisms; Archaea; Euryarchaeota; Halobacteria; Haloferacales; Halorubraceae; Salinigranum; Salinigranum rubrum
20	Natrialba magadii | WP_004216495.1	cellular organisms; Archaea; Euryarchaeota; Halobacteria; Natrialbales; Natrialbaceae; Natrialba; Natrialba magadii
21	Methanocaldococcus fervens | WP_015791861.1	cellular organisms; Archaea; Euryarchaeota; Methanococci; Methanococcales; Methanocaldococcaceae; Methanocaldococcus; Methanocaldococcus fervens
22	Methanotorris formicicus | WP_007043498.1	cellular organisms; Archaea; Euryarchaeota; Methanococci; Methanococcales; Methanocaldococcaceae; Methanotorris; Methanotorris formicicus
23	Methanothermococcus okinawensis | WP_013866882.1	cellular organisms; Archaea; Euryarchaeota; Methanococci; Methanococcales; Methanococcaceae; Methanothermococcus; Methanothermococcus okinawensis
24	Methanothermococcus thermolithotrophicus | WP_018153747.1	cellular organisms; Archaea; Euryarchaeota; Methanococci; Methanococcales; Methanococcaceae; Methanothermococcus; Methanothermococcus thermolithotrophicus
25	Methanocella arvoryzae | WP_048199334.1	cellular organisms; Archaea; Euryarchaeota; Methanomicrobia; Methanocellales; Methanocellaceae; Methanocella; Methanocella arvoryzae
26	Methanocella conradii | WP_014405668.1	cellular organisms; Archaea; Euryarchaeota; Methanomicrobia; Methanocellales; Methanocellaceae; Methanocella; Methanocella conradii
27	Methanocorpusculum | WP_042699978.1	cellular organisms; Archaea; Euryarchaeota; Methanomicrobia; Methanomicrobiales; Methanocorpusculaceae
28	Methanoculleus thermophilus | WP_066958820.1	cellular organisms; Archaea; Euryarchaeota; Methanomicrobia; Methanomicrobiales; Methanomicrobiaceae; Methanoculleus; Methanoculleus thermophilus
29	Methanofollis ethanolicus | WP_067047979.1	cellular organisms; Archaea; Euryarchaeota; Methanomicrobia; Methanomicrobiales; Methanomicrobiaceae; Methanofollis; Methanofollis ethanolicus
30	Methanogenium cariaci | WP_062398647.1	cellular organisms; Archaea; Euryarchaeota; Methanomicrobia; Methanomicrobiales; Methanomicrobiaceae; Methanogenium; Methanogenium cariaci
31	Methanolacinia petrolearia | WP_013329831.1	cellular organisms; Archaea; Euryarchaeota; Methanomicrobia; Methanomicrobiales; Methanomicrobiaceae; Methanolacinia; Methanolacinia petrolearia
32	Methanomicrobium mobile | WP_042706367.1	cellular organisms; Archaea; Euryarchaeota; Methanomicrobia; Methanomicrobiales; Methanomicrobiaceae; Methanomicrobium; Methanomicrobium mobile
33	Methanoplanus limicola | WP_004077508.1	cellular organisms; Archaea; Euryarchaeota; Methanomicrobia; Methanomicrobiales; Methanomicrobiaceae; Methanoplanus; Methanoplanus limicola
34	Methanolinea tarda | WP_007314813.1	cellular organisms; Archaea; Euryarchaeota; Methanomicrobia; Methanomicrobiales; Methanoregulaceae; Methanolinea; Methanolinea tarda
35	Methanoregula boonei | WP_012106650.1	cellular organisms; Archaea; Euryarchaeota; Methanomicrobia; Methanomicrobiales; Methanoregulaceae; Methanoregula; Methanoregula boonei
36	Methanosphaerula palustris | WP_012616961.1	cellular organisms; Archaea; Euryarchaeota; Methanomicrobia; Methanomicrobiales; Methanoregulaceae; Methanosphaerula; Methanosphaerula palustris
37	Methanospirillum hungatei | WP_011449278.1	cellular organisms; Archaea; Euryarchaeota; Methanomicrobia; Methanomicrobiales; Methanospirillaceae; Methanospirillum; Methanospirillum hungatei
38	Candidatus Methanoperedens nitroreducens | WP_096206144.1	cellular organisms; Archaea; Euryarchaeota; Methanomicrobia; Methanosarcinales; Candidatus Methanoperedenaceae; Candidatus Methanoperedens
39	Methanosaeta harundinacea | WP_014587790.1	cellular organisms; Archaea; Euryarchaeota; Methanomicrobia; Methanosarcinales; Methanosaetaceae; Methanothrix; Methanosaeta harundinacea
40	Methanosarcina | WP_048141806.1	cellular organisms; Archaea; Euryarchaeota; Methanomicrobia; Methanosarcinales; Methanosarcinaceae
41	Methanohalobium evestigatum | WP_013194379.1	cellular organisms; Archaea; Euryarchaeota; Methanomicrobia; Methanosarcinales; Methanosarcinaceae; Methanohalobium; Methanohalobium evestigatum
42	Methanomethylovorans hollandica | WP_015325018.1	cellular organisms; Archaea; Euryarchaeota; Methanomicrobia; Methanosarcinales; Methanosarcinaceae; Methanomethylovorans; Methanomethylovorans hollandica
43	Methanosalsum zhilinae | WP_013897574.1	cellular organisms; Archaea; Euryarchaeota; Methanomicrobia; Methanosarcinales; Methanosarcinaceae; Methanosalsum; Methanosalsum zhilinae
44	Methanonatronarchaeum thermophilum | WP_086636855.1	cellular organisms; Archaea; Euryarchaeota; Methanonatronarchaeia; Methanonatronarchaeum
45	Pyrococcus furiosus | WP_011012296.1	cellular organisms; Archaea; Euryarchaeota; Thermococci; Thermococcales; Thermococcaceae; Pyrococcus; Pyrococcus furiosus
46	Thermococcus sp. 5-4 | WP_088180888.1	cellular organisms; Archaea; Euryarchaeota; Thermococci; Thermococcales; Thermococcaceae; Thermococcus
47	Thermococcus nautili | WP_042691728.1	cellular organisms; Archaea; Euryarchaeota; Thermococci; Thermococcales; Thermococcaceae; Thermococcus; Thermococcus nautili
48	Thermococcus profundus | WP_088858330.1	cellular organisms; Archaea; Euryarchaeota; Thermococci; Thermococcales; Thermococcaceae; Thermococcus; Thermococcus profundus
49	Candidatus Methanomethylophilus sp. 1R26 | WP_058747445.1	cellular organisms; Archaea; Euryarchaeota; Thermoplasmata; Methanomassiliicoccales; Methanomassiliicoccaceae; Candidatus Methanomethylophilus
50	Candidatus Methanoplasma termitum | WP_048113196.1	cellular organisms; Archaea; Euryarchaeota; Thermoplasmata; Methanomassiliicoccales; Methanomassiliicoccaceae; Candidatus Methanoplasma
51	Candidatus Methanomassiliicoccus intestinalis | WP_020449584.1	cellular organisms; Archaea; Euryarchaeota; Thermoplasmata; Methanomassiliicoccales; Methanomassiliicoccaceae; Methanomassiliicoccus
52	methanogenic archaeon ISO4-H5 | WP_066076593.1	cellular organisms; Archaea; Euryarchaeota; Thermoplasmata; unclassified Thermoplasmata
53	Aciduliprofundum boonei | WP_008086250.1	cellular organisms; Archaea; Euryarchaeota; unclassified Euryarchaeota; DHVE2 group; Aciduliprofundum
54	Staphylothermus hellenicus | WP_013143699.1	cellular organisms; Archaea; TACK group; Crenarchaeota; Thermoprotei; Desulfurococcales; Desulfurococcaceae; Staphylothermus
55	Thermosphaera aggregans | WP_013129771.1	cellular organisms; Archaea; TACK group; Crenarchaeota; Thermoprotei; Desulfurococcales; Desulfurococcaceae; Thermosphaera
56	Hyperthermus butylicus | WP_011821683.1	cellular organisms; Archaea; TACK group; Crenarchaeota; Thermoprotei; Desulfurococcales; Pyrodictiaceae; Hyperthermus
57	Pyrodictium delaneyi | WP_088171943.1	cellular organisms; Archaea; TACK group; Crenarchaeota; Thermoprotei; Desulfurococcales; Pyrodictiaceae; Pyrodictium
58	Thermofilum carboxyditrophus | WP_052886632.1	cellular organisms; Archaea; TACK group; Crenarchaeota; Thermoprotei; Thermoproteales; Thermofilaceae; Thermofilum
59	Thermofilum uzonense | WP_052883972.1	cellular organisms; Archaea; TACK group; Crenarchaeota; Thermoprotei; Thermoproteales; Thermofilaceae; Thermofilum
60	Bryocella elongata | WP_103934209.1	cellular organisms; Bacteria; Acidobacteria; Acidobacteriia; Acidobacteriales; Acidobacteriaceae; Bryocella; Bryocella elongata
61	Persephonella marina | WP_012676081.1	cellular organisms; Bacteria; Aquificae; Aquificae; Aquificales; Hydrogenothermaceae; Persephonella; Persephonella marina
62	Rhodohalobacter sp. 15182 | WP_101073508.1	cellular organisms; Bacteria; Balneolaeota; Balneolia; Balneolales; Balneolaceae; Rhodohalobacter
63	Rhodothermus marinus | WP_014066616.1	cellular organisms; Bacteria; FCB group; Bacteroidetes/Chlorobi group; Bacteroidetes; Bacteroidetes Order II. Incertae sedis; Rhodothermaceae; Rhodothermus
64	Niabella soli | WP_008582670.1	cellular organisms; Bacteria; FCB group; Bacteroidetes/Chlorobi group; Bacteroidetes; Chitinophagia; Chitinophagales; Chitinophagaceae; Niabella
65	Niabella aurantiaca | WP_018629951.1	cellular organisms; Bacteria; FCB group; Bacteroidetes/Chlorobi group; Bacteroidetes; Chitinophagia; Chitinophagales; Chitinophagaceae; Niabella
66	Niastella populi | WP_081164479.1	cellular organisms; Bacteria; FCB group; Bacteroidetes/Chlorobi group; Bacteroidetes; Chitinophagia; Chitinophagales; Chitinophagaceae; Niastella
67	Terrimonas ferruginea | WP_028788635.1	cellular organisms; Bacteria; FCB group; Bacteroidetes/Chlorobi group; Bacteroidetes; Chitinophagia; Chitinophagales; Chitinophagaceae; Terrimonas
68	Echinicola vietnamensis | WP_015265519.1	cellular organisms; Bacteria; FCB group; Bacteroidetes/Chlorobi group; Bacteroidetes; Cytophagia; Cytophagales; Cyclobacteriaceae; Echinicola
69	Lunatimonas lonarensis | WP_010855254.1	cellular organisms; Bacteria; FCB group; Bacteroidetes/Chlorobi group; Bacteroidetes; Cytophagia; Cytophagales; Cyclobacteriaceae; Lunatimonas
70	Dyadobacter sp. SG02 | WP_090384566.1	cellular organisms; Bacteria; FCB group; Bacteroidetes/Chlorobi group; Bacteroidetes; Cytophagia; Cytophagales; Cytophagaceae; Dyadobacter
71	Runella limosa | WP_028522251.1	cellular organisms; Bacteria; FCB group; Bacteroidetes/Chlorobi group; Bacteroidetes; Cytophagia; Cytophagales; Cytophagaceae; Runella
72	Flammeovirgaceae bacterium 311 | WP_061989019.1	cellular organisms; Bacteria; FCB group; Bacteroidetes/Chlorobi group; Bacteroidetes; Cytophagia; Cytophagales; Flammeovirgaceae; unclassified Flammeovirgaceae
73	Hymenobacter sp. MIMBbqt21 | WP_086592986.1	cellular organisms; Bacteria; FCB group; Bacteroidetes/Chlorobi group; Bacteroidetes; Cytophagia; Cytophagales; Hymenobacteraceae; Hymenobacter
74	Thermoflexibacter ruber | WP_091548945.1	cellular organisms; Bacteria; FCB group; Bacteroidetes/Chlorobi group; Bacteroidetes; Cytophagia; Cytophagales; unclassified Cytophagales; Thermoflexibacter
75	Flavobacterium daejeonense | WP_055091042.1	cellular organisms; Bacteria; FCB group; Bacteroidetes/Chlorobi group; Bacteroidetes; Flavobacteriia; Flavobacteriales; Flavobacteriaceae; Flavobacterium
76	Zunongwangia mangrovi | WP_092542781.1	cellular organisms; Bacteria; FCB group; Bacteroidetes/Chlorobi group; Bacteroidetes; Flavobacteriia; Flavobacteriales; Flavobacteriaceae; Zunongwangia
77	Flavobacteriaceae bacterium MAR_2009_75 | WP_100872240.1	cellular organisms; Bacteria; FCB group; Bacteroidetes/Chlorobi group; Bacteroidetes; Flavobacteriia; Flavobacteriales; Flavobacteriaceae; unclassified Flavobacteriaceae
78	Lewinella nigricans | WP_099154171.1	cellular organisms; Bacteria; FCB group; Bacteroidetes/Chlorobi group; Bacteroidetes; Saprospiria; Saprospirales; Lewinellaceae; Lewinella
79	Arcticibacter pallidicorallinus | WP_106292992.1	cellular organisms; Bacteria; FCB group; Bacteroidetes/Chlorobi group; Bacteroidetes; Sphingobacteriia; Sphingobacteriales; Sphingobacteriaceae; Arcticibacter
80	Pedobacter glucosidilyticus | WP_026904708.1	cellular organisms; Bacteria; FCB group; Bacteroidetes/Chlorobi group; Bacteroidetes; Sphingobacteriia; Sphingobacteriales; Sphingobacteriaceae; Pedobacter
81	Pedobacter africanus | WP_084236399.1	cellular organisms; Bacteria; FCB group; Bacteroidetes/Chlorobi group; Bacteroidetes; Sphingobacteriia; Sphingobacteriales; Sphingobacteriaceae; Pedobacter
82	Pseudosphingobacterium domesticum | WP_093317524.1	cellular organisms; Bacteria; FCB group; Bacteroidetes/Chlorobi group; Bacteroidetes; Sphingobacteriia; Sphingobacteriales; Sphingobacteriaceae; Pseudosphingobacterium
83	Sphingobacterium gobiense | WP_105726293.1	cellular organisms; Bacteria; FCB group; Bacteroidetes/Chlorobi group; Bacteroidetes; Sphingobacteriia; Sphingobacteriales; Sphingobacteriaceae; Sphingobacterium
84	Chlorobaculum parvum | WP_012501689.1	cellular organisms; Bacteria; FCB group; Bacteroidetes/Chlorobi group; Chlorobi; Chlorobia; Chlorobiales; Chlorobiaceae; Chlorobaculum
85	Chlorobium phaeovibrioides | WP_011889714.1	cellular organisms; Bacteria; FCB group; Bacteroidetes/Chlorobi group; Chlorobi; Chlorobia; Chlorobiales; Chlorobiaceae; Chlorobium/Pelodictyon group; Chlorobium
86	Chloroherpeton thalassium | WP_012500248.1	cellular organisms; Bacteria; FCB group; Bacteroidetes/Chlorobi group; Chlorobi; Chlorobia; Chlorobiales; Chlorobiaceae; Chloroherpeton
87	Prosthecochloris sp. GSB1 | WP_094083188.1	cellular organisms; Bacteria; FCB group; Bacteroidetes/Chlorobi group; Chlorobi; Chlorobia; Chlorobiales; Chlorobiaceae; Prosthecochloris
88	Gemmatimonas phototrophica | WP_026848175.1	cellular organisms; Bacteria; FCB group; Gemmatimonadetes; Gemmatimonadetes; Gemmatimonadales; Gemmatimonadaceae; Gemmatimonas
89	Leptospirillum ferrooxidans | WP_014450620.1	cellular organisms; Bacteria; Nitrospirae; Nitrospira; Nitrospirales; Nitrospiraceae; Leptospirillum; Leptospirillum sp. Group I
90	Leptospirillum ferriphilum | WP_036083911.1	cellular organisms; Bacteria; Nitrospirae; Nitrospira; Nitrospirales; Nitrospiraceae; Leptospirillum; Leptospirillum sp. Group III
91	Opitutaceae bacterium TSB47 | WP_068769925.1	cellular organisms; Bacteria; PVC group; Verrucomicrobia; Opitutae; Opitutales; Opitutaceae; unclassified Opitutaceae
92	Verrucomicrobia bacterium LP2A | WP_038119605.1	cellular organisms; Bacteria; PVC group; Verrucomicrobia; unclassified Verrucomicrobia; unclassified Verrucomicrobia (miscellaneous)
93	Verrucomicrobia bacterium LP2A | WP_024807638.1	cellular organisms; Bacteria; PVC group; Verrucomicrobia; unclassified Verrucomicrobia; unclassified Verrucomicrobia (miscellaneous)
94	Verrucomicrobia bacterium | WP_096054979.1	cellular organisms; Bacteria; PVC group; Verrucomicrobia; unclassified Verrucomicrobia; unclassified Verrucomicrobia (miscellaneous)
95	Rhizobiales | WP_066725247.1	cellular organisms; Bacteria; Proteobacteria; Alphaproteobacteria
96	Emcibacter sp. ZYL | WP_099472280.1	cellular organisms; Bacteria; Proteobacteria; Alphaproteobacteria; Emcibacterales; Emcibacteraceae; Emcibacter
97	Aureimonas | WP_056698556.1	cellular organisms; Bacteria; Proteobacteria; Alphaproteobacteria; Rhizobiales; Aurantimonadaceae
98	Aurantimonas manganoxydans | WP_009207988.1	cellular organisms; Bacteria; Proteobacteria; Alphaproteobacteria; Rhizobiales; Aurantimonadaceae; Aurantimonas; Aurantimonas manganoxydans
99	Aureimonas phyllosphaerae | WP_090964363.1	cellular organisms; Bacteria; Proteobacteria; Alphaproteobacteria; Rhizobiales; Aurantimonadaceae; Aurantimonas; Aureimonas phyllosphaerae
100	Aureimonas frigidaquae | WP_062226830.1	cellular organisms; Bacteria; Proteobacteria; Alphaproteobacteria; Rhizobiales; Aurantimonadaceae; Aureimonas; Aureimonas frigidaquae
101	Aureimonas ureilytica | WP_019997964.1	cellular organisms; Bacteria; Proteobacteria; Alphaproteobacteria; Rhizobiales; Aurantimonadaceae; Aureimonas; Aureimonas ureilytica
102	Fulvimarina pelagi | WP_007068008.1	cellular organisms; Bacteria; Proteobacteria; Alphaproteobacteria; Rhizobiales; Aurantimonadaceae; Fulvimarina; Fulvimarina pelagi
103	Aurantimonadaceae bacterium 5T4P-12-1 | WP_102957872.1	cellular organisms; Bacteria; Proteobacteria; Alphaproteobacteria; Rhizobiales; Aurantimonadaceae; unclassified Aurantimonadaceae
104	Methylocapsa acidiphila | WP_026607318.1	cellular organisms; Bacteria; Proteobacteria; Alphaproteobacteria; Rhizobiales; Beijerinckiaceae; Methylocapsa; Methylocapsa acidiphila
105	Methylocapsa aurea | WP_084572695.1	cellular organisms; Bacteria; Proteobacteria; Alphaproteobacteria; Rhizobiales; Beijerinckiaceae; Methylocapsa; Methylocapsa aurea
106	Methylocella silvestris | WP_102843867.1	cellular organisms; Bacteria; Proteobacteria; Alphaproteobacteria; Rhizobiales; Beijerinckiaceae; Methylocella; Methylocella silvestris
107	Rhodoblastus acidophilus | WP_088518856.1	cellular organisms; Bacteria; Proteobacteria; Alphaproteobacteria; Rhizobiales; Beijerinckiaceae; Rhodoblastus; Rhodoblastus acidophilus
108	Bosea sp. WAO | WP_066480112.1	cellular organisms; Bacteria; Proteobacteria; Alphaproteobacteria; Rhizobiales; Bradyrhizobiaceae; Bosea
109	Bosea lathyri | WP_103874204.1	cellular organisms; Bacteria; Proteobacteria; Alphaproteobacteria; Rhizobiales; Bradyrhizobiaceae; Bosea; Bosea lathyri
110	Bosea robiniae | WP_091858594.1	cellular organisms; Bacteria; Proteobacteria; Alphaproteobacteria; Rhizobiales; Bradyrhizobiaceae; Bosea; Bosea robiniae
111	Bosea vaviloviae | WP_082365561.1	cellular organisms; Bacteria; Proteobacteria; Alphaproteobacteria; Rhizobiales; Bradyrhizobiaceae; Bosea; Bosea vaviloviae
112	Bradyrhizobium sp. CCGE-LA001 | WP_060737617.1	cellular organisms; Bacteria; Proteobacteria; Alphaproteobacteria; Rhizobiales; Bradyrhizobiaceae; Bradyrhizobium
113	Bradyrhizobium sp. R5 | WP_092083508.1	cellular organisms; Bacteria; Proteobacteria; Alphaproteobacteria; Rhizobiales; Bradyrhizobiaceae; Bradyrhizobium
114	Bradyrhizobium japonicum | WP_041955596.1	cellular organisms; Bacteria; Proteobacteria; Alphaproteobacteria; Rhizobiales; Bradyrhizobiaceae; Bradyrhizobium; Bradyrhizobium japonicum
115	Bradyrhizobium oligotrophicum | WP_015669814.1	cellular organisms; Bacteria; Proteobacteria; Alphaproteobacteria; Rhizobiales; Bradyrhizobiaceae; Bradyrhizobium; Bradyrhizobium oligotrophicum
116	Rhodopseudomonas sp. B29 | WP_022722226.1	cellular organisms; Bacteria; Proteobacteria; Alphaproteobacteria; Rhizobiales; Bradyrhizobiaceae; Rhodopseudomonas
117	Rhodopseudomonas palustris | WP_013503039.1	cellular organisms; Bacteria; Proteobacteria; Alphaproteobacteria; Rhizobiales; Bradyrhizobiaceae; Rhodopseudomonas; Rhodopseudomonas palustris
118	Rhodopseudomonas palustris | WP_011439201.1	cellular organisms; Bacteria; Proteobacteria; Alphaproteobacteria; Rhizobiales; Bradyrhizobiaceae; Rhodopseudomonas; Rhodopseudomonas palustris
119	Rhodopseudomonas palustris | WP_011472637.1	cellular organisms; Bacteria; Proteobacteria; Alphaproteobacteria; Rhizobiales; Bradyrhizobiaceae; Rhodopseudomonas; Rhodopseudomonas palustris
120	Rhodopseudomonas palustris | WP_044404899.1	cellular organisms; Bacteria; Proteobacteria; Alphaproteobacteria; Rhizobiales; Bradyrhizobiaceae; Rhodopseudomonas; Rhodopseudomonas palustris
121	Rhodopseudomonas palustris | WP_011442107.1	cellular organisms; Bacteria; Proteobacteria; Alphaproteobacteria; Rhizobiales; Bradyrhizobiaceae; Rhodopseudomonas; Rhodopseudomonas palustris
122	Rhodopseudomonas palustris | WP_103011352.1	cellular organisms; Bacteria; Proteobacteria; Alphaproteobacteria; Rhizobiales; Bradyrhizobiaceae; Rhodopseudomonas; Rhodopseudomonas palustris
123	Rhodopseudomonas palustris | WP_011665075.1	cellular organisms; Bacteria; Proteobacteria; Alphaproteobacteria; Rhizobiales; Bradyrhizobiaceae; Rhodopseudomonas; Rhodopseudomonas palustris
124	Cohaesibacter sp. H1304 | WP_101533782.1	cellular organisms; Bacteria; Proteobacteria; Alphaproteobacteria; Rhizobiales; Cohaesibacteraceae; Cohaesibacter
125	Cohaesibacter gelatinilyticus | WP_097154759.1	cellular organisms; Bacteria; Proteobacteria; Alphaproteobacteria; Rhizobiales; Cohaesibacteraceae; Cohaesibacter; Cohaesibacter gelatinilyticus
126	Rhodomicrobium | WP_088343331.1	cellular organisms; Bacteria; Proteobacteria; Alphaproteobacteria; Rhizobiales; Hyphomicrobiaceae
127	Devosia psychrophila | WP_046170552.1	cellular organisms; Bacteria; Proteobacteria; Alphaproteobacteria; Rhizobiales; Hyphomicrobiaceae; Devosia; Devosia psychrophila
128	Maritalea myrionectae | WP_027834068.1	cellular organisms; Bacteria; Proteobacteria; Alphaproteobacteria; Rhizobiales; Hyphomicrobiaceae; Maritalea; Maritalea myrionectae
129	Prosthecomicrobium hirschii | WP_054360867.1	cellular organisms; Bacteria; Proteobacteria; Alphaproteobacteria; Rhizobiales; Hyphomicrobiaceae; Prosthecomicrobium; Prosthecomicrobium hirschii
130	Rhodomicrobium vannielii | WP_013417889.1	cellular organisms; Bacteria; Proteobacteria; Alphaproteobacteria; Rhizobiales; Hyphomicrobiaceae; Rhodomicrobium; Rhodomicrobium vannielii
131	Methylobacterium frigidaeris | WP_099904772.1	cellular organisms; Bacteria; Proteobacteria; Alphaproteobacteria; Rhizobiales; Methylobacteriaceae; Methylobacterium; Methylobacterium frigidaeris
132	Methylobacterium nodulans | WP_015929071.1	cellular organisms; Bacteria; Proteobacteria; Alphaproteobacteria; Rhizobiales; Methylobacteriaceae; Methylobacterium; Methylobacterium nodulans
133	Microvirga massiliensis | WP_046863004.1	cellular organisms; Bacteria; Proteobacteria; Alphaproteobacteria; Rhizobiales; Methylobacteriaceae; Microvirga; Microvirga massiliensis
134	Microvirga ossetica | WP_099509535.1	cellular organisms; Bacteria; Proteobacteria; Alphaproteobacteria; Rhizobiales; Methylobacteriaceae; Microvirga; Microvirga ossetica
135	Pleomorphomonas sp. SVCO-16 | WP_100079712.1	cellular organisms; Bacteria; Proteobacteria; Alphaproteobacteria; Rhizobiales; Methylocystaceae; Pleomorphomonas
136	Hoeflea olei | WP_066175728.1	cellular organisms; Bacteria; Proteobacteria; Alphaproteobacteria; Rhizobiales; Phyllobacteriaceae; Hoeflea; Hoeflea olei
137	Hoeflea phototrophica | WP_007199586.1	cellular organisms; Bacteria; Proteobacteria; Alphaproteobacteria; Rhizobiales; Phyllobacteriaceae; Hoeflea; Hoeflea phototrophica
138	Mesorhizobium sp. 6GN30 | WP_106771298.1	cellular organisms; Bacteria; Proteobacteria; Alphaproteobacteria; Rhizobiales; Phyllobacteriaceae; Mesorhizobium
139	Mesorhizobium sp. LNHC209A00 | WP_051410587.1	cellular organisms; Bacteria; Proteobacteria; Alphaproteobacteria; Rhizobiales; Phyllobacteriaceae; Mesorhizobium
140	Mesorhizobium sp. L2C085B000 | WP_023807801.1	cellular organisms; Bacteria; Proteobacteria; Alphaproteobacteria; Rhizobiales; Phyllobacteriaceae; Mesorhizobium
141	Mesorhizobium sp. L48C026A00 | WP_023800203.1	cellular organisms; Bacteria; Proteobacteria; Alphaproteobacteria; Rhizobiales; Phyllobacteriaceae; Mesorhizobium
142	Phyllobacterium sp. 1N-3 | WP_105740858.1	cellular organisms; Bacteria; Proteobacteria; Alphaproteobacteria; Rhizobiales; Phyllobacteriaceae; Phyllobacterium
143	Phyllobacterium sophorae | WP_106663774.1	cellular organisms; Bacteria; Proteobacteria; Alphaproteobacteria; Rhizobiales; Phyllobacteriaceae; Phyllobacterium; Phyllobacterium sophorae
144	Shinella | WP_050746608.1	cellular organisms; Bacteria; Proteobacteria; Alphaproteobacteria; Rhizobiales; Rhizobiaceae
145	Rhizobium | WP_088693732.1	cellular organisms; Bacteria; Proteobacteria; Alphaproteobacteria; Rhizobiales; Rhizobiaceae; Rhizobium/Agrobacterium group
146	Pararhizobium sp. XC0140 | WP_099867587.1	cellular organisms; Bacteria; Proteobacteria; Alphaproteobacteria; Rhizobiales; Rhizobiaceae; Rhizobium/Agrobacterium group; Pararhizobium
147	Pararhizobium polonicum | WP_068958963.1	cellular organisms; Bacteria; Proteobacteria; Alphaproteobacteria; Rhizobiales; Rhizobiaceae; Rhizobium/Agrobacterium group; Pararhizobium
148	Pseudorhizobium pelagicum | WP_037170006.1	cellular organisms; Bacteria; Proteobacteria; Alphaproteobacteria; Rhizobiales; Rhizobiaceae; Rhizobium/Agrobacterium group; Pseudorhizobium
149	Rhizobium phaseoli | WP_064829683.1	cellular organisms; Bacteria; Proteobacteria; Alphaproteobacteria; Rhizobiales; Rhizobiaceae; Rhizobium/Agrobacterium group; Rhizobium
150	Rhizobium oryzae | WP_085420588.1	cellular organisms; Bacteria; Proteobacteria; Alphaproteobacteria; Rhizobiales; Rhizobiaceae; Rhizobium/Agrobacterium group; Rhizobium
151	Rhizobium freirei | WP_004125334.1	cellular organisms; Bacteria; Proteobacteria; Alphaproteobacteria; Rhizobiales; Rhizobiaceae; Rhizobium/Agrobacterium group; Rhizobium
152	Rhizobium miluonense | WP_092846784.1	cellular organisms; Bacteria; Proteobacteria; Alphaproteobacteria; Rhizobiales; Rhizobiaceae; Rhizobium/Agrobacterium group; Rhizobium
153	Shinella sp. DD12 | WP_023514682.1	cellular organisms; Bacteria; Proteobacteria; Alphaproteobacteria; Rhizobiales; Rhizobiaceae; Shinella
154	Ensifer sp. BR816 | WP_018238284.1	cellular organisms; Bacteria; Proteobacteria; Alphaproteobacteria; Rhizobiales; Rhizobiaceae; Sinorhizobium/Ensifer group; Ensifer
155	Sinorhizobium sp. M4_45 | WP_102761638.1	cellular organisms; Bacteria; Proteobacteria; Alphaproteobacteria; Rhizobiales; Rhizobiaceae; Sinorhizobium/Ensifer group; Sinorhizobium
156	Sinorhizobium fredii | WP_097587078.1	cellular organisms; Bacteria; Proteobacteria; Alphaproteobacteria; Rhizobiales; Rhizobiaceae; Sinorhizobium/Ensifer group; Sinorhizobium; Sinorhizobium fredii group
157	Amorphus coralli | WP_018698469.1	cellular organisms; Bacteria; Proteobacteria; Alphaproteobacteria; Rhizobiales; Rhodobiaceae; Amorphus; Amorphus coralli
158	Salinarimonas rosea | WP_029030721.1	cellular organisms; Bacteria; Proteobacteria; Alphaproteobacteria; Rhizobiales; Salinarimonadaceae; Salinarimonas; Salinarimonas rosea
159	Ancylobacter sp. FA202 | WP_018389488.1	cellular organisms; Bacteria; Proteobacteria; Alphaproteobacteria; Rhizobiales; Xanthobacteraceae; Ancylobacter
160	Azorhizobium doebereinerae | WP_029003878.1	cellular organisms; Bacteria; Proteobacteria; Alphaproteobacteria; Rhizobiales; Xanthobacteraceae; Azorhizobium; Azorhizobium doebereinerae
161	Labrys sp. WJW | WP_068284369.1	cellular organisms; Bacteria; Proteobacteria; Alphaproteobacteria; Rhizobiales; Xanthobacteraceae; Labrys
162	Xanthobacter sp. 126 | WP_024279884.1	cellular organisms; Bacteria; Proteobacteria; Alphaproteobacteria; Rhizobiales; Xanthobacteraceae; Xanthobacter
163	unclassified Rhizobiales (miscellaneous) | WP_092641727.1	cellular organisms; Bacteria; Proteobacteria; Alphaproteobacteria; Rhizobiales; unclassified Rhizobiales
164	Alsobacter sp. SH9 | WP_106336363.1	cellular organisms; Bacteria; Proteobacteria; Alphaproteobacteria; Rhizobiales; unclassified Rhizobiales; Alsobacter
165	Alsobacter sp. SH9 | WP_106339227.1	cellular organisms; Bacteria; Proteobacteria; Alphaproteobacteria; Rhizobiales; unclassified Rhizobiales; Alsobacter
166	Bauldia litoralis | WP_090880030.1	cellular organisms; Bacteria; Proteobacteria; Alphaproteobacteria; Rhizobiales; unclassified Rhizobiales; Bauldia; Bauldia litoralis
167	Mongoliimonas terrestris | WP_075214416.1	cellular organisms; Bacteria; Proteobacteria; Alphaproteobacteria; Rhizobiales; unclassified Rhizobiales; Mongoliimonas; Mongoliimonas terrestris
168	Pseudorhodoplanes sinuspersici | WP_086091186.1	cellular organisms; Bacteria; Proteobacteria; Alphaproteobacteria; Rhizobiales; unclassified Rhizobiales; Pseudorhodoplanes; Pseudorhodoplanes sinuspersici
169	Rhizobiales bacterium YIM 77505 | WP_037018782.1	cellular organisms; Bacteria; Proteobacteria; Alphaproteobacteria; Rhizobiales; unclassified Rhizobiales; unclassified Rhizobiales (miscellaneous)
170	Roseovarius sp. MCTG156(2b) | WP_037241019.1	cellular organisms; Bacteria; Proteobacteria; Alphaproteobacteria; Rhodobacterales; Rhodobacteraceae
171	Rhodobacter | WP_069331322.1	cellular organisms; Bacteria; Proteobacteria; Alphaproteobacteria; Rhodobacterales; Rhodobacteraceae
172	Rhodobacter sphaeroides | WP_009566104.1	cellular organisms; Bacteria; Proteobacteria; Alphaproteobacteria; Rhodobacterales; Rhodobacteraceae
173	Actibacterium pelagium | WP_095594602.1	cellular organisms; Bacteria; Proteobacteria; Alphaproteobacteria; Rhodobacterales; Rhodobacteraceae; Actibacterium; Actibacterium pelagium
174	Ahrensia sp. 13_GOM-1096m | WP_026480674.1	cellular organisms; Bacteria; Proteobacteria; Alphaproteobacteria; Rhodobacterales; Rhodobacteraceae; Ahrensia
175	Defluviimonas sp. MS2-2 | WP_102222643.1	cellular organisms; Bacteria; Proteobacteria; Alphaproteobacteria; Rhodobacterales; Rhodobacteraceae; Defluviimonas
176	Defluviimonas sp. MS2-2 | WP_102225912.1	cellular organisms; Bacteria; Proteobacteria; Alphaproteobacteria; Rhodobacterales; Rhodobacteraceae; Defluviimonas
177	Jannaschia sp. CCS1 | WP_011456184.1	cellular organisms; Bacteria; Proteobacteria; Alphaproteobacteria; Rhodobacterales; Rhodobacteraceae; Jannaschia
178	Labrenzia sp. EL143 | WP_104705209.1	cellular organisms; Bacteria; Proteobacteria; Alphaproteobacteria; Rhodobacterales; Rhodobacteraceae; Labrenzia
179	Labrenzia sp. OB1 | WP_068411869.1	cellular organisms; Bacteria; Proteobacteria; Alphaproteobacteria; Rhodobacterales; Rhodobacteraceae; Labrenzia
180	Labrenzia aggregata | WP_077293968.1	cellular organisms; Bacteria; Proteobacteria; Alphaproteobacteria; Rhodobacterales; Rhodobacteraceae; Labrenzia; Labrenzia aggregata
181	Loktanella marina | WP_093994152.1	cellular organisms; Bacteria; Proteobacteria; Alphaproteobacteria; Rhodobacterales; Rhodobacteraceae; Loktanella; Loktanella marina
182	Loktanella rosea | WP_076660857.1	cellular organisms; Bacteria; Proteobacteria; Alphaproteobacteria; Rhodobacterales; Rhodobacteraceae; Loktanella; Loktanella rosea
183	Loktanella soesokkakensis | WP_085895494.1	cellular organisms; Bacteria; Proteobacteria; Alphaproteobacteria; Rhodobacterales; Rhodobacteraceae; Loktanella; Loktanella soesokkakensis
184	Mameliella phaeodactyli | WP_088715364.1	cellular organisms; Bacteria; Proteobacteria; Alphaproteobacteria; Rhodobacterales; Rhodobacteraceae; Mameliella; Mameliella phaeodactyli
185	Maribius salinus | WP_073128607.1	cellular organisms; Bacteria; Proteobacteria; Alphaproteobacteria; Rhodobacterales; Rhodobacteraceae; Maribius; Maribius salinus
186	Marivita hallyeonensis | WP_072776105.1	cellular organisms; Bacteria; Proteobacteria; Alphaproteobacteria; Rhodobacterales; Rhodobacteraceae; Marivita; Marivita hallyeonensis
187	Natronohydrobacter thiooxidans | WP_071795910.1	cellular organisms; Bacteria; Proteobacteria; Alphaproteobacteria; Rhodobacterales; Rhodobacteraceae; Natronohydrobacter; Natronohydrobacter thiooxidans
188	Nesiotobacter exalbescens | WP_102866765.1	cellular organisms; Bacteria; Proteobacteria; Alphaproteobacteria; Rhodobacterales; Rhodobacteraceae; Nesiotobacter; Nesiotobacter exalbescens
189	Oceanicola granulosus | WP_007253674.1	cellular organisms; Bacteria; Proteobacteria; Alphaproteobacteria; Rhodobacterales; Rhodobacteraceae; Oceanicola; Oceanicola granulosus
190	Oceanicola litoreus | WP_074258052.1	cellular organisms; Bacteria; Proteobacteria; Alphaproteobacteria; Rhodobacterales; Rhodobacteraceae; Oceanicola; Oceanicola litoreus
191	Octadecabacter antarcticus | WP_015497909.1	cellular organisms; Bacteria; Proteobacteria; Alphaproteobacteria; Rhodobacterales; Rhodobacteraceae; Octadecabacter; Octadecabacter antarcticus
192	Pacificibacter marinus | WP_085850106.1	cellular organisms; Bacteria; Proteobacteria; Alphaproteobacteria; Rhodobacterales; Rhodobacteraceae; Pacificibacter; Pacificibacter marinus
193	Paracoccus sp. SY | WP_103172639.1	cellular organisms; Bacteria; Proteobacteria; Alphaproteobacteria; Rhodobacterales; Rhodobacteraceae; Paracoccus
194	Paracoccus sp. SY | WP_103174299.1	cellular organisms; Bacteria; Proteobacteria; Alphaproteobacteria; Rhodobacterales; Rhodobacteraceae; Paracoccus
195	Paracoccus sp. SM22M-07 | WP_072295459.1	cellular organisms; Bacteria; Proteobacteria; Alphaproteobacteria; Rhodobacterales; Rhodobacteraceae; Paracoccus
196	Paracoccus sp. PAMC 22219 | WP_081994753.1	cellular organisms; Bacteria; Proteobacteria; Alphaproteobacteria; Rhodobacterales; Rhodobacteraceae; Paracoccus
197	Paracoccus isoporae | WP_090524205.1	cellular organisms; Bacteria; Proteobacteria; Alphaproteobacteria; Rhodobacterales; Rhodobacteraceae; Paracoccus; Paracoccus isoporae
198	Paracoccus saliphilus | WP_076526634.1	cellular organisms; Bacteria; Proteobacteria; Alphaproteobacteria; Rhodobacterales; Rhodobacteraceae; Paracoccus; Paracoccus saliphilus
199	Paracoccus zhejiangensis | WP_101753318.1	cellular organisms; Bacteria; Proteobacteria; Alphaproteobacteria; Rhodobacterales; Rhodobacteraceae; Paracoccus; Paracoccus zhejiangensis
200	Pseudorhodobacter psychrotolerans | WP_054007193.1	cellular organisms; Bacteria; Proteobacteria; Alphaproteobacteria; Rhodobacterales; Rhodobacteraceae; Pseudorhodobacter; Pseudorhodobacter psychrotolerans
201	Rhodobacter sp. 24-YEA-8 | WP_092902739.1	cellular organisms; Bacteria; Proteobacteria; Alphaproteobacteria; Rhodobacterales; Rhodobacteraceae; Rhodobacter
202	Rhodobacter sp. 24-YEA-8 | WP_092900519.1	cellular organisms; Bacteria; Proteobacteria; Alphaproteobacteria; Rhodobacterales; Rhodobacteraceae; Rhodobacter
203	Rhodobacter sp. SW2 | WP_008030177.1	cellular organisms; Bacteria; Proteobacteria; Alphaproteobacteria; Rhodobacterales; Rhodobacteraceae; Rhodobacter
204	Rhodovulum sp. PH10 | WP_008385774.1	cellular organisms; Bacteria; Proteobacteria; Alphaproteobacteria; Rhodobacterales; Rhodobacteraceae; Rhodovulum
205	Roseivivax atlanticus | WP_043846280.1	cellular organisms; Bacteria; Proteobacteria; Alphaproteobacteria; Rhodobacterales; Rhodobacteraceae; Roseivivax; Roseivivax atlanticus
206	Roseobacter sp. MED193 | WP_009809165.1	cellular organisms; Bacteria; Proteobacteria; Alphaproteobacteria; Rhodobacterales; Rhodobacteraceae; Roseobacter
207	Roseovarius azorensis | WP_093035894.1	cellular organisms; Bacteria; Proteobacteria; Alphaproteobacteria; Rhodobacterales; Rhodobacteraceae; Roseovarius; Roseovarius azorensis
208	Rubellimicrobium mesophilum | WP_037278231.1	cellular organisms; Bacteria; Proteobacteria; Alphaproteobacteria; Rhodobacterales; Rhodobacteraceae; Rubellimicrobium; Rubellimicrobium mesophilum
209	Rubellimicrobium thermophilum | WP_021098855.1	cellular organisms; Bacteria; Proteobacteria; Alphaproteobacteria; Rhodobacterales; Rhodobacteraceae; Rubellimicrobium; Rubellimicrobium thermophilum
210	Sedimentitalea nanhaiensis | WP_027264206.1	cellular organisms; Bacteria; Proteobacteria; Alphaproteobacteria; Rhodobacterales; Rhodobacteraceae; Sedimentitalea; Sedimentitalea nanhaiensis
211	Stappia sp. 22II-S9-Z10 | WP_083551040.1	cellular organisms; Bacteria; Proteobacteria; Alphaproteobacteria; Rhodobacterales; Rhodobacteraceae; Stappia
212	Stappia sp. 22II-S9-Z10 | WP_083547923.1	cellular organisms; Bacteria; Proteobacteria; Alphaproteobacteria; Rhodobacterales; Rhodobacteraceae; Stappia
213	Stappia indica | WP_067335903.1	cellular organisms; Bacteria; Proteobacteria; Alphaproteobacteria; Rhodobacterales; Rhodobacteraceae; Stappia; Stappia indica
214	Stappia indica | WP_067337639.1	cellular organisms; Bacteria; Proteobacteria; Alphaproteobacteria; Rhodobacterales; Rhodobacteraceae; Stappia; Stappia indica
215	Sulfitobacter sp. EhC04 | WP_067291697.1	cellular organisms; Bacteria; Proteobacteria; Alphaproteobacteria; Rhodobacterales; Rhodobacteraceae; Sulfitobacter
216	Sulfitobacter pseudonitzschiae | WP_089420155.1	cellular organisms; Bacteria; Proteobacteria; Alphaproteobacteria; Rhodobacterales; Rhodobacteraceae; Sulfitobacter; Sulfitobacter pseudonitzschiae
217	Tabrizicola sp. XJSP | WP_103334643.1	cellular organisms; Bacteria; Proteobacteria; Alphaproteobacteria; Rhodobacterales; Rhodobacteraceae; Tabrizicola
218	Tabrizicola sp. TH137 | WP_101919995.1	cellular organisms; Bacteria; Proteobacteria; Alphaproteobacteria; Rhodobacterales; Rhodobacteraceae; Tabrizicola
219	Tabrizicola aquatica | WP_103255497.1	cellular organisms; Bacteria; Proteobacteria; Alphaproteobacteria; Rhodobacterales; Rhodobacteraceae; Tabrizicola; Tabrizicola aquatica
220	Thioclava sp. SK-1 | WP_066011170.1	cellular organisms; Bacteria; Proteobacteria; Alphaproteobacteria; Rhodobacterales; Rhodobacteraceae; Thioclava
221	Thioclava sp. L04-15 | WP_078529522.1	cellular organisms; Bacteria; Proteobacteria; Alphaproteobacteria; Rhodobacterales; Rhodobacteraceae; Thioclava
222	Tritonibacter horizontis | WP_068240165.1	cellular organisms; Bacteria; Proteobacteria; Alphaproteobacteria; Rhodobacterales; Rhodobacteraceae; Tritonibacter; Tritonibacter horizontis
223	Tropicibacter naphthalenivorans | WP_058245742.1	cellular organisms; Bacteria; Proteobacteria; Alphaproteobacteria; Rhodobacterales; Rhodobacteraceae; Tropicibacter; Tropicibacter naphthalenivorans
224	Tropicibacter phthalicicus | WP_099244962.1	cellular organisms; Bacteria; Proteobacteria; Alphaproteobacteria; Rhodobacterales; Rhodobacteraceae; Tropicibacter; Tropicibacter phthalicicus
225	Wenxinia saemankumensis | WP_073325515.1	cellular organisms; Bacteria; Proteobacteria; Alphaproteobacteria; Rhodobacterales; Rhodobacteraceae; Wenxinia; Wenxinia saemankumensis
226	Yangia pacifica | WP_092427361.1	cellular organisms; Bacteria; Proteobacteria; Alphaproteobacteria; Rhodobacterales; Rhodobacteraceae; Yangia; Yangia pacifica
227	Rhodobacteraceae bacterium PD-2 | WP_039615659.1	cellular organisms; Bacteria; Proteobacteria; Alphaproteobacteria; Rhodobacterales; Rhodobacteraceae; unclassified Rhodobacteraceae
228	Rhodobacteraceae bacterium PD-2 | WP_023848928.1	cellular organisms; Bacteria; Proteobacteria; Alphaproteobacteria; Rhodobacterales; Rhodobacteraceae; unclassified Rhodobacteraceae
229	Gluconobacter oxydans | WP_041112594.1	cellular organisms; Bacteria; Proteobacteria; Alphaproteobacteria; Rhodospirillales; Acetobacteraceae; Gluconobacter; Gluconobacter oxydans
230	Rhodopila globiformis | WP_104520621.1	cellular organisms; Bacteria; Proteobacteria; Alphaproteobacteria; Rhodospirillales; Acetobacteraceae; Rhodopila; Rhodopila globiformis
231	Rhodopila globiformis | WP_104520685.1	cellular organisms; Bacteria; Proteobacteria; Alphaproteobacteria; Rhodospirillales; Acetobacteraceae; Rhodopila; Rhodopila globiformis
232	Roseomonas gilardii | WP_027282177.1	cellular organisms; Bacteria; Proteobacteria; Alphaproteobacteria; Rhodospirillales; Acetobacteraceae; Roseomonas; Roseomonas gilardii
233	Acetobacteraceae bacterium AT-5844 | WP_007436201.1	cellular organisms; Bacteria; Proteobacteria; Alphaproteobacteria; Rhodospirillales; Acetobacteraceae; unclassified Acetobacteraceae
234	Geminicoccus roseus | WP_027135992.1	cellular organisms; Bacteria; Proteobacteria; Alphaproteobacteria; Rhodospirillales; Geminicoccaceae; Geminicoccus; Geminicoccus roseus
235	Azospirillum sp. B2 | WP_098736860.1	cellular organisms; Bacteria; Proteobacteria; Alphaproteobacteria; Rhodospirillales; Rhodospirillaceae; Azospirillum
236	Azospirillum halopraeferens | WP_029010986.1	cellular organisms; Bacteria; Proteobacteria; Alphaproteobacteria; Rhodospirillales; Rhodospirillaceae; Azospirillum; Azospirillum halopraeferens
237	Inquilinus limosus | WP_034834381.1	cellular organisms; Bacteria; Proteobacteria; Alphaproteobacteria; Rhodospirillales; Rhodospirillaceae; Inquilinus; Inquilinus limosus
238	Inquilinus limosus | WP_088151567.1	cellular organisms; Bacteria; Proteobacteria; Alphaproteobacteria; Rhodospirillales; Rhodospirillaceae; Inquilinus; Inquilinus limosus
239	Insolitispirillum peregrinum | WP_076400097.1	cellular organisms; Bacteria; Proteobacteria; Alphaproteobacteria; Rhodospirillales; Rhodospirillaceae; Insolitispirillum; Insolitispirillum peregrinum
240	Magnetospirillum sp. XM-1 | WP_068435278.1	cellular organisms; Bacteria; Proteobacteria; Alphaproteobacteria; Rhodospirillales; Rhodospirillaceae; Magnetospirillum
241	Pararhodospirillum photometricum | WP_041795746.1	cellular organisms; Bacteria; Proteobacteria; Alphaproteobacteria; Rhodospirillales; Rhodospirillaceae; Pararhodospirillum; Pararhodospirillum photometricum
242	Rhodospira trueperi | WP_092786836.1	cellular organisms; Bacteria; Proteobacteria; Alphaproteobacteria; Rhodospirillales; Rhodospirillaceae; Rhodospira; Rhodospira trueperi
243	Rhodospirillum centenum | WP_012565479.1	cellular organisms; Bacteria; Proteobacteria; Alphaproteobacteria; Rhodospirillales; Rhodospirillaceae; Rhodospirillum; Rhodospirillum centenum
244	Rhodospirillum rubrum ATCC 11170 | YP_427085.1	cellular organisms; Bacteria; Proteobacteria; Alphaproteobacteria; Rhodospirillales; Rhodospirillaceae; Rhodospirillum; Rhodospirillum rubrum
245	Rhodospirillum rubrum | WP_011390153.1	cellular organisms; Bacteria; Proteobacteria; Alphaproteobacteria; Rhodospirillales; Rhodospirillaceae; Rhodospirillum; Rhodospirillum rubrum
246	Skermanella stibiiresistens | WP_037449805.1	cellular organisms; Bacteria; Proteobacteria; Alphaproteobacteria; Rhodospirillales; Rhodospirillaceae; Skermanella; Skermanella stibiiresistens
247	Thalassospira sp. HJ | WP_044827902.1	cellular organisms; Bacteria; Proteobacteria; Alphaproteobacteria; Rhodospirillales; Rhodospirillaceae; Thalassospira
248	Thalassospira sp. HJ | WP_044829419.1	cellular organisms; Bacteria; Proteobacteria; Alphaproteobacteria; Rhodospirillales; Rhodospirillaceae; Thalassospira
249	Tistlia consotensis | WP_085122225.1	cellular organisms; Bacteria; Proteobacteria; Alphaproteobacteria; Rhodospirillales; Rhodospirillaceae; Tistlia; Tistlia consotensis
250	Sphingomonas mali | WP_066816031.1	cellular organisms; Bacteria; Proteobacteria; Alphaproteobacteria; Sphingomonadales; Sphingomonadaceae; Sphingomonas; Sphingomonas mali
251	Achromobacter xylosoxidans | WP_013394503.1	cellular organisms; Bacteria; Proteobacteria; Betaproteobacteria; Burkholderiales; Alcaligenaceae; Achromobacter; Achromobacter xylosoxidans
252	Advenella mimigardefordensis | WP_025371524.1	cellular organisms; Bacteria; Proteobacteria; Betaproteobacteria; Burkholderiales; Alcaligenaceae; Advenella; Advenella mimigardefordensis
253	Alcaligenes faecalis | WP_088450258.1	cellular organisms; Bacteria; Proteobacteria; Betaproteobacteria; Burkholderiales; Alcaligenaceae; Alcaligenes; Alcaligenes faecalis
254	Azohydromonas lata | WP_066342423.1	cellular organisms; Bacteria; Proteobacteria; Betaproteobacteria; Burkholderiales; Alcaligenaceae; Azohydromonas; Azohydromonas lata
255	Bordetella genomosp. 9 | WP_094849415.1	cellular organisms; Bacteria; Proteobacteria; Betaproteobacteria; Burkholderiales; Alcaligenaceae; Bordetella
256	Bordetella bronchiseptica | WP_033458965.1	cellular organisms; Bacteria; Proteobacteria; Betaproteobacteria; Burkholderiales; Alcaligenaceae; Bordetella; Bordetella bronchiseptica
257	Candidimonas nitroreducens | WP_088601833.1	cellular organisms; Bacteria; Proteobacteria; Betaproteobacteria; Burkholderiales; Alcaligenaceae; Candidimonas; Candidimonas nitroreducens
258	Orrella dioscoreae | WP_067756147.1	cellular organisms; Bacteria; Proteobacteria; Betaproteobacteria; Burkholderiales; Alcaligenaceae; Orrella; Orrella dioscoreae
259	Burkholderia sp. JS23 | WP_091911238.1	cellular organisms; Bacteria; Proteobacteria; Betaproteobacteria; Burkholderiales; Burkholderiaceae; Burkholderia
260	Burkholderia sp. YI23 | WP_041733866.1	cellular organisms; Bacteria; Proteobacteria; Betaproteobacteria; Burkholderiales; Burkholderiaceae; Burkholderia
261	Burkholderia sp. RPE67 | WP_045452726.1	cellular organisms; Bacteria; Proteobacteria; Betaproteobacteria; Burkholderiales; Burkholderiaceae; Burkholderia
262	Caballeronia arvi | WP_061152772.1	cellular organisms; Bacteria; Proteobacteria; Betaproteobacteria; Burkholderiales; Burkholderiaceae; Caballeronia; Caballeronia arvi
263	Caballeronia telluris | WP_087633224.1	cellular organisms; Bacteria; Proteobacteria; Betaproteobacteria; Burkholderiales; Burkholderiaceae; Caballeronia; Caballeronia telluris
264	Cupriavidus sp. IDO | WP_039015246.1	cellular organisms; Bacteria; Proteobacteria; Betaproteobacteria; Burkholderiales; Burkholderiaceae; Cupriavidus
265	Cupriavidus pauculus | WP_061958839.1	cellular organisms; Bacteria; Proteobacteria; Betaproteobacteria; Burkholderiales; Burkholderiaceae; Cupriavidus; Cupriavidus pauculus
266	Pandoraea pulmonicola | WP_039408745.1	cellular organisms; Bacteria; Proteobacteria; Betaproteobacteria; Burkholderiales; Burkholderiaceae; Pandoraea; Pandoraea pulmonicola
267	Paraburkholderia dilworthii | WP_027800973.1	cellular organisms; Bacteria; Proteobacteria; Betaproteobacteria; Burkholderiales; Burkholderiaceae; Paraburkholderia; Paraburkholderia dilworthii
268	Paraburkholderia insulsa | WP_106354251.1	cellular organisms; Bacteria; Proteobacteria; Betaproteobacteria; Burkholderiales; Burkholderiaceae; Paraburkholderia; Paraburkholderia insulsa
269	Paraburkholderia terrae | WP_042304304.1	cellular organisms; Bacteria; Proteobacteria; Betaproteobacteria; Burkholderiales; Burkholderiaceae; Paraburkholderia; Paraburkholderia terrae
270	Limnohabitans sp. 2KL-3 | WP_089953144.1	cellular organisms; Bacteria; Proteobacteria; Betaproteobacteria; Burkholderiales; Comamonadaceae
271	Comamonas sp. B-9 | WP_021027047.1	cellular organisms; Bacteria; Proteobacteria; Betaproteobacteria; Burkholderiales; Comamonadaceae; Comamonas
272	Curvibacter lanceolatus | WP_019572280.1	cellular organisms; Bacteria; Proteobacteria; Betaproteobacteria; Burkholderiales; Comamonadaceae; Curvibacter; Curvibacter lanceolatus
273	Hydrogenophaga sp. Root209 | WP_056269186.1	cellular organisms; Bacteria; Proteobacteria; Betaproteobacteria; Burkholderiales; Comamonadaceae; Hydrogenophaga
274	Hydrogenophaga crassostreae | WP_066087190.1	cellular organisms; Bacteria; Proteobacteria; Betaproteobacteria; Burkholderiales; Comamonadaceae; Hydrogenophaga; Hydrogenophaga crassostreae
275	Limnohabitans sp. TS-CS-82 | WP_104798555.1	cellular organisms; Bacteria; Proteobacteria; Betaproteobacteria; Burkholderiales; Comamonadaceae; Limnohabitans
276	Limnohabitans sp. Rim28 | WP_026039622.1	cellular organisms; Bacteria; Proteobacteria; Betaproteobacteria; Burkholderiales; Comamonadaceae; Limnohabitans
277	Pelomonas puraquae | WP_088485750.1	cellular organisms; Bacteria; Proteobacteria; Betaproteobacteria; Burkholderiales; Comamonadaceae; Pelomonas; Pelomonas puraquae
278	Polaromonas sp. JS666 | WP_011481070.1	cellular organisms; Bacteria; Proteobacteria; Betaproteobacteria; Burkholderiales; Comamonadaceae; Polaromonas
279	Pseudorhodoferax sp. Leaf267 | WP_056176806.1	cellular organisms; Bacteria; Proteobacteria; Betaproteobacteria; Burkholderiales; Comamonadaceae; Pseudorhodoferax
280	Rhodoferax saidenbachensis | WP_029706478.1	cellular organisms; Bacteria; Proteobacteria; Betaproteobacteria; Burkholderiales; Comamonadaceae; Rhodoferax; Rhodoferax saidenbachensis
281	Variovorax sp. Root411 | WP_056519378.1	cellular organisms; Bacteria; Proteobacteria; Betaproteobacteria; Burkholderiales; Comamonadaceae; Variovorax
282	Variovorax paradoxus | WP_042581442.1	cellular organisms; Bacteria; Proteobacteria; Betaproteobacteria; Burkholderiales; Comamonadaceae; Variovorax; Variovorax paradoxus
283	Variovorax paradoxus | WP_013542012.1	cellular organisms; Bacteria; Proteobacteria; Betaproteobacteria; Burkholderiales; Comamonadaceae; Variovorax; Variovorax paradoxus
284	Variovorax paradoxus | WP_047784621.1	cellular organisms; Bacteria; Proteobacteria; Betaproteobacteria; Burkholderiales; Comamonadaceae; Variovorax; Variovorax paradoxus
285	Herbaspirillum sp. meg3 | WP_094566156.1	cellular organisms; Bacteria; Proteobacteria; Betaproteobacteria; Burkholderiales; Oxalobacteraceae; Herbaspirillum
286	Herbaspirillum chlorophenolicum | WP_050469458.1	cellular organisms; Bacteria; Proteobacteria; Betaproteobacteria; Burkholderiales; Oxalobacteraceae; Herbaspirillum; Herbaspirillum chlorophenolicum
287	Herbaspirillum robiniae | WP_088752741.1	cellular organisms; Bacteria; Proteobacteria; Betaproteobacteria; Burkholderiales; Oxalobacteraceae; Herbaspirillum; Herbaspirillum robiniae
288	Rhizobacter gummiphilus | WP_085752035.1	cellular organisms; Bacteria; Proteobacteria; Betaproteobacteria; Burkholderiales; unclassified Burkholderiales; Burkholderiales Genera incertae sedis; Rhizobacter
289	Nitrosomonas sp. Nm33 | WP_090568666.1	cellular organisms; Bacteria; Proteobacteria; Betaproteobacteria; Nitrosomonadales; Nitrosomonadaceae; Nitrosomonas
290	Propionivibrio dicarboxylicus | WP_091938331.1	cellular organisms; Bacteria; Proteobacteria; Betaproteobacteria; Rhodocyclales; Rhodocyclaceae; Propionivibrio; Propionivibrio dicarboxylicus
291	Rhodocyclaceae bacterium | WP_102040935.1	cellular organisms; Bacteria; Proteobacteria; Betaproteobacteria; Rhodocyclales; Rhodocyclaceae; unclassified Rhodocyclaceae; Rhodocyclaceae bacterium
292	Glaciecola punicea | WP_070113114.1	cellular organisms; Bacteria; Proteobacteria; Gammaproteobacteria; Alteromonadales; Alteromonadaceae; Glaciecola; Glaciecola punicea
293	Colwellia chukchiensis | WP_085284609.1	cellular organisms; Bacteria; Proteobacteria; Gammaproteobacteria; Alteromonadales; Colwelliaceae; Colwellia; Colwellia chukchiensis
294	Allochromatium vinosum | WP_012971724.1	cellular organisms; Bacteria; Proteobacteria; Gammaproteobacteria; Chromatiales; Chromatiaceae; Allochromatium; Allochromatium vinosum
295	Imhoffiella purpurea | WP_043748008.1	cellular organisms; Bacteria; Proteobacteria; Gammaproteobacteria; Chromatiales; Chromatiaceae; Imhoffiella; Imhoffiella purpurea
296	Imhoffiella purpurea | WP_043749806.1	cellular organisms; Bacteria; Proteobacteria; Gammaproteobacteria; Chromatiales; Chromatiaceae; Imhoffiella; Imhoffiella purpurea
297	Marichromatium gracile | WP_062275235.1	cellular organisms; Bacteria; Proteobacteria; Gammaproteobacteria; Chromatiales; Chromatiaceae; Marichromatium; Marichromatium gracile
298	Marichromatium purpuratum | WP_005221509.1	cellular organisms; Bacteria; Proteobacteria; Gammaproteobacteria; Chromatiales; Chromatiaceae; Marichromatium; Marichromatium purpuratum
299	Thiocapsa roseopersicina | WP_093033207.1	cellular organisms; Bacteria; Proteobacteria; Gammaproteobacteria; Chromatiales; Chromatiaceae; Thiocapsa; Thiocapsa roseopersicina
300	Thiocystis violascens | WP_014778407.1	cellular organisms; Bacteria; Proteobacteria; Gammaproteobacteria; Chromatiales; Chromatiaceae; Thiocystis; Thiocystis violascens
301	Thiocystis violascens | WP_014779415.1	cellular organisms; Bacteria; Proteobacteria; Gammaproteobacteria; Chromatiales; Chromatiaceae; Thiocystis; Thiocystis violascens
302	Candidatus Thiodictyon syntrophicum | WP_100923012.1	cellular organisms; Bacteria; Proteobacteria; Gammaproteobacteria; Chromatiales; Chromatiaceae; Thiodictyon
303	Candidatus Thiodictyon syntrophicum | WP_100920471.1	cellular organisms; Bacteria; Proteobacteria; Gammaproteobacteria; Chromatiales; Chromatiaceae; Thiodictyon
304	Thioflavicoccus mobilis | WP_015281646.1	cellular organisms; Bacteria; Proteobacteria; Gammaproteobacteria; Chromatiales; Chromatiaceae; Thioflavicoccus; Thioflavicoccus mobilis
305	Thioflavicoccus mobilis | WP_015279864.1	cellular organisms; Bacteria; Proteobacteria; Gammaproteobacteria; Chromatiales; Chromatiaceae; Thioflavicoccus; Thioflavicoccus mobilis
306	Thiohalocapsa sp. ML1 | WP_058553465.1	cellular organisms; Bacteria; Proteobacteria; Gammaproteobacteria; Chromatiales; Chromatiaceae; Thiohalocapsa
307	Thiohalocapsa sp. ML1 | WP_058557807.1	cellular organisms; Bacteria; Proteobacteria; Gammaproteobacteria; Chromatiales; Chromatiaceae; Thiohalocapsa
308	Thiorhodococcus drewsii | WP_007040856.1	cellular organisms; Bacteria; Proteobacteria; Gammaproteobacteria; Chromatiales; Chromatiaceae; Thiorhodococcus; Thiorhodococcus drewsii
309	Thiorhodovibrio sp. 970 | WP_009149443.1	cellular organisms; Bacteria; Proteobacteria; Gammaproteobacteria; Chromatiales; Chromatiaceae; Thiorhodovibrio
310	Alkalilimnicola ehrlichii | WP_011628912.1	cellular organisms; Bacteria; Proteobacteria; Gammaproteobacteria; Chromatiales; Ectothiorhodospiraceae; Alkalilimnicola; Alkalilimnicola ehrlichii
311	Aquisalimonas asiatica | WP_091642286.1	cellular organisms; Bacteria; Proteobacteria; Gammaproteobacteria; Chromatiales; Ectothiorhodospiraceae; Aquisalimonas; Aquisalimonas asiatica
312	Ectothiorhodosinus mongolicus | WP_076753936.1	cellular organisms; Bacteria; Proteobacteria; Gammaproteobacteria; Chromatiales; Ectothiorhodospiraceae; Ectothiorhodosinus; Ectothiorhodosinus mongolicus
313	Ectothiorhodospira haloalkaliphila | WP_025282307.1	cellular organisms; Bacteria; Proteobacteria; Gammaproteobacteria; Chromatiales; Ectothiorhodospiraceae; Ectothiorhodospira; Ectothiorhodospira haloalkaliphila
314	Ectothiorhodospira mobilis | WP_090486686.1	cellular organisms; Bacteria; Proteobacteria; Gammaproteobacteria; Chromatiales; Ectothiorhodospiraceae; Ectothiorhodospira; Ectothiorhodospira mobilis
315	Halorhodospira halophila | WP_011813278.1	cellular organisms; Bacteria; Proteobacteria; Gammaproteobacteria; Chromatiales; Ectothiorhodospiraceae; Halorhodospira; Halorhodospira halophila
316	Nitrococcus mobilis | WP_005001686.1	cellular organisms; Bacteria; Proteobacteria; Gammaproteobacteria; Chromatiales; Ectothiorhodospiraceae; Nitrococcus; Nitrococcus mobilis
317	Thiohalomonas denitrificans | WP_092996737.1	cellular organisms; Bacteria; Proteobacteria; Gammaproteobacteria; Chromatiales; Ectothiorhodospiraceae; Thiohalomonas; Thiohalomonas denitrificans
318	Thiorhodospira sibirica | WP_006786951.1	cellular organisms; Bacteria; Proteobacteria; Gammaproteobacteria; Chromatiales; Ectothiorhodospiraceae; Thiorhodospira; Thiorhodospira sibirica
319	Immundisolibacter cernigliae | WP_083214987.1	cellular organisms; Bacteria; Proteobacteria; Gammaproteobacteria; Immundisolibacterales; Immundisolibacteraceae; Immundisolibacter; Immundisolibacter cernigliae
320	Halomonas sp. MC28 | WP_102651751.1	cellular organisms; Bacteria; Proteobacteria; Gammaproteobacteria; Oceanospirillales; Halomonadaceae; Halomonas
321	Halomonas sp. G11 | WP_066318192.1	cellular organisms; Bacteria; Proteobacteria; Gammaproteobacteria; Oceanospirillales; Halomonadaceae; Halomonas
322	Halomonas sp. S2151 | WP_045991763.1	cellular organisms; Bacteria; Proteobacteria; Gammaproteobacteria; Oceanospirillales; Halomonadaceae; Halomonas
323	Halomonas sp. MC28 | WP_102654017.1	cellular organisms; Bacteria; Proteobacteria; Gammaproteobacteria; Oceanospirillales; Halomonadaceae; Halomonas
324	Halomonas boliviensis | WP_007113722.1	cellular organisms; Bacteria; Proteobacteria; Gammaproteobacteria; Oceanospirillales; Halomonadaceae; Halomonas; Halomonas boliviensis
325	Halomonas cupida | WP_073435043.1	cellular organisms; Bacteria; Proteobacteria; Gammaproteobacteria; Oceanospirillales; Halomonadaceae; Halomonas; Halomonas cupida
326	Halomonas desiderata | WP_086508862.1	cellular organisms; Bacteria; Proteobacteria; Gammaproteobacteria; Oceanospirillales; Halomonadaceae; Halomonas; Halomonas desiderata
327	Halomonas gudaonensis | WP_089686840.1	cellular organisms; Bacteria; Proteobacteria; Gammaproteobacteria; Oceanospirillales; Halomonadaceae; Halomonas; Halomonas gudaonensis
328	Halomonas muralis | WP_089728739.1	cellular organisms; Bacteria; Proteobacteria; Gammaproteobacteria; Oceanospirillales; Halomonadaceae; Halomonas; Halomonas muralis
329	Halomonas xinjiangensis | WP_043531977.1	cellular organisms; Bacteria; Proteobacteria; Gammaproteobacteria; Oceanospirillales; Halomonadaceae; Halomonas; Halomonas xinjiangensis
330	Marinobacterium aestuarii | WP_067382746.1	cellular organisms; Bacteria; Proteobacteria; Gammaproteobacteria; Oceanospirillales; Oceanospirillaceae; Marinobacterium; Marinobacterium aestuarii
331	Marinobacterium rhizophilum | WP_051103939.1	cellular organisms; Bacteria; Proteobacteria; Gammaproteobacteria; Oceanospirillales; Oceanospirillaceae; Marinobacterium; Marinobacterium rhizophilum
332	Marinomonas mediterranea | WP_013660764.1	cellular organisms; Bacteria; Proteobacteria; Gammaproteobacteria; Oceanospirillales; Oceanospirillaceae; Marinomonas; Marinomonas mediterranea
333	Pseudomonas fluorescens | WP_060741617.1	cellular organisms; Bacteria; Proteobacteria; Gammaproteobacteria; Pseudomonadales; Pseudomonadaceae; Pseudomonas; Pseudomonas fluorescens group
334	Candidatus Marithrix sp. Canyon 246 | WP_069472570.1	cellular organisms; Bacteria; Proteobacteria; Gammaproteobacteria; Thiotrichales; Thiotrichaceae; Candidatus Marithrix
335	Vibrio mytili | WP_041154068.1	cellular organisms; Bacteria; Proteobacteria; Gammaproteobacteria; Vibrionales; Vibrionaceae; Vibrio; Vibrio harveyi group
336	Vibrio nigripulchritudo | WP_022613754.1	cellular organisms; Bacteria; Proteobacteria; Gammaproteobacteria; Vibrionales; Vibrionaceae; Vibrio; Vibrio nigripulchritudo
337	Thiohalorhabdus denitrificans | WP_054966967.1	cellular organisms; Bacteria; Proteobacteria; Gammaproteobacteria; unclassified Gammaproteobacteria; Thiohalorhabdus
338	Calyptogena okutanii thioautotrophic gill symbiont | WP_011930036.1	cellular organisms; Bacteria; Proteobacteria; Gammaproteobacteria; unclassified Gammaproteobacteria; sulfur-oxidizing symbionts
339	Ghiorsea bivora | WP_038250565.1	cellular organisms; Bacteria; Proteobacteria; Zetaproteobacteria; Ghiorsea
340	Desulfopila aestuarii | WP_073611641.1	cellular organisms; Bacteria; Proteobacteria; delta/epsilon subdivisions; Deltaproteobacteria; Desulfobacterales; Desulfobulbaceae; Desulfopila
341	Desulfonatronum thioautotrophicum | WP_045218222.1	cellular organisms; Bacteria; Proteobacteria; delta/epsilon subdivisions; Deltaproteobacteria; Desulfovibrionales; Desulfonatronaceae; Desulfonatronum
342	Desulfovibrio putealis | WP_027191928.1	cellular organisms; Bacteria; Proteobacteria; delta/epsilon subdivisions; Deltaproteobacteria; Desulfovibrionales; Desulfovibrionaceae; Desulfovibrio
343	Syntrophobacter sp. SbD1 | WP_106820155.1	cellular organisms; Bacteria; Proteobacteria; delta/epsilon subdivisions; Deltaproteobacteria; Syntrophobacterales; Syntrophobacteraceae; Syntrophobacter
344	Leptonema illini | WP_002774391.1	cellular organisms; Bacteria; Spirochaetes; Spirochaetia; Leptospirales; Leptospiraceae; Leptonema; Leptonema illini
345	Gordonia sp. KTR9 | WP_014926911.1	cellular organisms; Bacteria; Terrabacteria group; Actinobacteria; Actinobacteria; Corynebacteriales; Gordoniaceae; Gordonia
346	Nocardia niigatensis | WP_040857653.1	cellular organisms; Bacteria; Terrabacteria group; Actinobacteria; Actinobacteria; Corynebacteriales; Nocardiaceae; Nocardia
347	Rhodococcus sp. 06-621-2 | WP_094724575.1	cellular organisms; Bacteria; Terrabacteria group; Actinobacteria; Actinobacteria; Corynebacteriales; Nocardiaceae; Rhodococcus
348	Geodermatophilus obscurus | WP_012947618.1	cellular organisms; Bacteria; Terrabacteria group; Actinobacteria; Actinobacteria; Geodermatophilales; Geodermatophilaceae; Geodermatophilus
349	Microbacterium | WP_062766009.1	cellular organisms; Bacteria; Terrabacteria group; Actinobacteria; Actinobacteria; Micrococcales; Microbacteriaceae
350	Agrococcus jejuensis | WP_092501847.1	cellular organisms; Bacteria; Terrabacteria group; Actinobacteria; Actinobacteria; Micrococcales; Microbacteriaceae; Agrococcus
351	Cnuibacter physcomitrellae | WP_085017935.1	cellular organisms; Bacteria; Terrabacteria group; Actinobacteria; Actinobacteria; Micrococcales; Microbacteriaceae; Cnuibacter
352	Compostimonas suwonensis | WP_100346025.1	cellular organisms; Bacteria; Terrabacteria group; Actinobacteria; Actinobacteria; Micrococcales; Microbacteriaceae; Compostimonas
353	Cryobacterium sp. Y62 | WP_104136087.1	cellular organisms; Bacteria; Terrabacteria group; Actinobacteria; Actinobacteria; Micrococcales; Microbacteriaceae; Cryobacterium
354	Cryobacterium sp. Y62 | WP_104133976.1	cellular organisms; Bacteria; Terrabacteria group; Actinobacteria; Actinobacteria; Micrococcales; Microbacteriaceae; Cryobacterium
355	Microbacterium pygmaeum | WP_091487001.1	cellular organisms; Bacteria; Terrabacteria group; Actinobacteria; Actinobacteria; Micrococcales; Microbacteriaceae; Microbacterium
356	Microbacterium hominis | WP_061782481.1	cellular organisms; Bacteria; Terrabacteria group; Actinobacteria; Actinobacteria; Micrococcales; Microbacteriaceae; Microbacterium
357	Microbacteriaceae bacterium | WP_071045047.1	cellular organisms; Bacteria; Terrabacteria group; Actinobacteria; Actinobacteria; Micrococcales; Microbacteriaceae; unclassified Microbacteriaceae
358	Arthrobacter sp. 35W | WP_081709928.1	cellular organisms; Bacteria; Terrabacteria group; Actinobacteria; Actinobacteria; Micrococcales; Micrococcaceae; Arthrobacter
359	Pseudarthrobacter phenanthrenivorans | WP_043451970.1	cellular organisms; Bacteria; Terrabacteria group; Actinobacteria; Actinobacteria; Micrococcales; Micrococcaceae; Pseudarthrobacter
360	Actinoplanes subtropicus | WP_030436772.1	cellular organisms; Bacteria; Terrabacteria group; Actinobacteria; Actinobacteria; Micromonosporales; Micromonosporaceae; Actinoplanes
361	Propionicicella superfundia | WP_028709495.1	cellular organisms; Bacteria; Terrabacteria group; Actinobacteria; Actinobacteria; Propionibacteriales; Nocardioidaceae; Propionicicella
362	Propionicimonas paludicola | WP_098461042.1	cellular organisms; Bacteria; Terrabacteria group; Actinobacteria; Actinobacteria; Propionibacteriales; Nocardioidaceae; Propionicimonas
363	Tessaracoccus | WP_068752280.1	cellular organisms; Bacteria; Terrabacteria group; Actinobacteria; Actinobacteria; Propionibacteriales; Propionibacteriaceae
364	Microlunatus soli | WP_091532692.1	cellular organisms; Bacteria; Terrabacteria group; Actinobacteria; Actinobacteria; Propionibacteriales; Propionibacteriaceae; Microlunatus
365	Propionibacterium acidifaciens | WP_021797854.1	cellular organisms; Bacteria; Terrabacteria group; Actinobacteria; Actinobacteria; Propionibacteriales; Propionibacteriaceae; Propionibacterium
366	Pseudonocardia | WP_010228021.1	cellular organisms; Bacteria; Terrabacteria group; Actinobacteria; Actinobacteria; Pseudonocardiales; Pseudonocardiaceae
367	Streptomyces sp. QL37 | WP_104782455.1	cellular organisms; Bacteria; Terrabacteria group; Actinobacteria; Actinobacteria; Streptomycetales; Streptomycetaceae; Streptomyces
368	Nonomuraea solani | WP_103954334.1	cellular organisms; Bacteria; Terrabacteria group; Actinobacteria; Actinobacteria; Streptosporangiales; Streptosporangiaceae; Nonomuraea
369	Actinobacteria bacterium IMCC26103 | WP_095526860.1	cellular organisms; Bacteria; Terrabacteria group; Actinobacteria; unclassified Actinobacteria
370	Candidatus Promineofilum breve | WP_095045405.1	cellular organisms; Bacteria; Terrabacteria group; Chloroflexi; Ardenticatenia; Ardenticatenales; Ardenticatenaceae; Candidatus Promineofilum
371	Caldilinea aerophila | WP_014433970.1	cellular organisms; Bacteria; Terrabacteria group; Chloroflexi; Caldilineae; Caldilineales; Caldilineaceae; Caldilinea
372	Chloroflexus sp. MS-G | WP_035419103.1	cellular organisms; Bacteria; Terrabacteria group; Chloroflexi; Chloroflexia; Chloroflexales; Chloroflexineae; Chloroflexaceae; Chloroflexus
373	Thermomicrobium roseum | WP_012641545.1	cellular organisms; Bacteria; Terrabacteria group; Chloroflexi; Thermomicrobia; Thermomicrobiales; Thermomicrobiaceae; Thermomicrobium
374	Calothrix parietina | WP_015197096.1	cellular organisms; Bacteria; Terrabacteria group; Cyanobacteria/Melainabacteria group; Cyanobacteria; Nostocales; Rivulariaceae; Calothrix
375	Crocosphaera watsonii | WP_007306215.1	cellular organisms; Bacteria; Terrabacteria group; Cyanobacteria/Melainabacteria group; Cyanobacteria; Oscillatoriophycideae; Chroococcales; Aphanothecaceae; Crocosphaera
376	Stanieria cyanosphaera | WP_015192511.1	cellular organisms; Bacteria; Terrabacteria group; Cyanobacteria/Melainabacteria group; Cyanobacteria; Pleurocapsales; Dermocarpellaceae; Stanieria
377	Candidatus Synechococcus spongiarum | WP_046839025.1	cellular organisms; Bacteria; Terrabacteria group; Cyanobacteria/Melainabacteria group; Cyanobacteria; Synechococcales; Synechococcaceae; Synechococcus
378	Meiothermus silvanus | WP_013156870.1	cellular organisms; Bacteria; Terrabacteria group; Deinococcus-Thermus; Deinococci; Thermales; Thermaceae; Meiothermus
379	Meiothermus chliarophilus | WP_027893798.1	cellular organisms; Bacteria; Terrabacteria group; Deinococcus-Thermus; Deinococci; Thermales; Thermaceae; Meiothermus
380	Meiothermus rufus | WP_027883497.1	cellular organisms; Bacteria; Terrabacteria group; Deinococcus-Thermus; Deinococci; Thermales; Thermaceae; Meiothermus
381	Meiothermus ruber | WP_013013186.1	cellular organisms; Bacteria; Terrabacteria group; Deinococcus-Thermus; Deinococci; Thermales; Thermaceae; Meiothermus
382	Oceanithermus profundus | WP_013458805.1	cellular organisms; Bacteria; Terrabacteria group; Deinococcus-Thermus; Deinococci; Thermales; Thermaceae; Oceanithermus
383	Thermus amyloliquefaciens | WP_038057879.1	cellular organisms; Bacteria; Terrabacteria group; Deinococcus-Thermus; Deinococci; Thermales; Thermaceae; Thermus
384	Bacillus sp. FJAT-45086 | WP_100405522.1	cellular organisms; Bacteria; Terrabacteria group; Firmicutes; Bacilli; Bacillales; Bacillaceae; Bacillus
385	Bacillus alkalitelluris | WP_078544710.1	cellular organisms; Bacteria; Terrabacteria group; Firmicutes; Bacilli; Bacillales; Bacillaceae; Bacillus
386	Bacillus sp. URHB0009 | WP_081680000.1	cellular organisms; Bacteria; Terrabacteria group; Firmicutes; Bacilli; Bacillales; Bacillaceae; Bacillus
387	Bacillus megaterium | WP_098980384.1	cellular organisms; Bacteria; Terrabacteria group; Firmicutes; Bacilli; Bacillales; Bacillaceae; Bacillus
388	Bacillus sp. Marseille-P3800 | WP_099304159.1	cellular organisms; Bacteria; Terrabacteria group; Firmicutes; Bacilli; Bacillales; Bacillaceae; Bacillus
389	Cohnella sp. CIP 111063 | WP_094048765.1	cellular organisms; Bacteria; Terrabacteria group; Firmicutes; Bacilli; Bacillales; Paenibacillaceae
390	Cohnella sp. CIP 111063 | WP_094049502.1	cellular organisms; Bacteria; Terrabacteria group; Firmicutes; Bacilli; Bacillales; Paenibacillaceae
391	Paenibacillus | WP_072336715.1	cellular organisms; Bacteria; Terrabacteria group; Firmicutes; Bacilli; Bacillales; Paenibacillaceae
392	Cohnella sp. OV330 | WP_090113624.1	cellular organisms; Bacteria; Terrabacteria group; Firmicutes; Bacilli; Bacillales; Paenibacillaceae; Cohnella
393	Cohnella sp. 6021052837 | WP_080836587.1	cellular organisms; Bacteria; Terrabacteria group; Firmicutes; Bacilli; Bacillales; Paenibacillaceae; Cohnella
394	Paenibacillus sp. MY03 | WP_087570147.1	cellular organisms; Bacteria; Terrabacteria group; Firmicutes; Bacilli; Bacillales; Paenibacillaceae; Paenibacillus
395	Paenibacillus sp. Leaf72 | WP_056040612.1	cellular organisms; Bacteria; Terrabacteria group; Firmicutes; Bacilli; Bacillales; Paenibacillaceae; Paenibacillus
396	Paenibacillus sp. UNC451MF | WP_028548346.1	cellular organisms; Bacteria; Terrabacteria group; Firmicutes; Bacilli; Bacillales; Paenibacillaceae; Paenibacillus
397	Paenibacillus mucilaginosus | WP_013918451.1	cellular organisms; Bacteria; Terrabacteria group; Firmicutes; Bacilli; Bacillales; Paenibacillaceae; Paenibacillus
398	Paenibacillus rigui | WP_094013730.1	cellular organisms; Bacteria; Terrabacteria group; Firmicutes; Bacilli; Bacillales; Paenibacillaceae; Paenibacillus
399	Paenibacillus sp. Y412MC10 | WP_015735252.1	cellular organisms; Bacteria; Terrabacteria group; Firmicutes; Bacilli; Bacillales; Paenibacillaceae; Paenibacillus
400	Paenibacillus sp. 32O-W | WP_082655472.1	cellular organisms; Bacteria; Terrabacteria group; Firmicutes; Bacilli; Bacillales; Paenibacillaceae; Paenibacillus
401	Trichococcus | WP_068559387.1	cellular organisms; Bacteria; Terrabacteria group; Firmicutes; Bacilli; Lactobacillales; Carnobacteriaceae
402	Clostridium sp. Marseille-P3244 | WP_072525474.1	cellular organisms; Bacteria; Terrabacteria group; Firmicutes; Clostridia; Clostridiales; Clostridiaceae; Clostridium
403	Clostridium coskatii | WP_063602504.1	cellular organisms; Bacteria; Terrabacteria group; Firmicutes; Clostridia; Clostridiales; Clostridiaceae; Clostridium
404	Clostridium oryzae | WP_079421992.1	cellular organisms; Bacteria; Terrabacteria group; Firmicutes; Clostridia; Clostridiales; Clostridiaceae; Clostridium
405	Clostridium scatologenes | WP_029955254.1	cellular organisms; Bacteria; Terrabacteria group; Firmicutes; Clostridia; Clostridiales; Clostridiaceae; Clostridium
406	Clostridium cylindrosporum | WP_048570010.1	cellular organisms; Bacteria; Terrabacteria group; Firmicutes; Clostridia; Clostridiales; Clostridiaceae; Clostridium
407	Oxobacter pfennigii | WP_054876466.1	cellular organisms; Bacteria; Terrabacteria group; Firmicutes; Clostridia; Clostridiales; Clostridiaceae; Oxobacter
408	Sulfobacillus sp. hq2 | WP_103375209.1	cellular organisms; Bacteria; Terrabacteria group; Firmicutes; Clostridia; Clostridiales; Clostridiales incertae sedis; Clostridiales Family XVII. Incertae Sedis; Sulfobacillus
409	Acetobacterium bakii | WP_050740110.1	cellular organisms; Bacteria; Terrabacteria group; Firmicutes; Clostridia; Clostridiales; Eubacteriaceae; Acetobacterium
410	Anaerofustis stercorihominis | WP_007049508.1	cellular organisms; Bacteria; Terrabacteria group; Firmicutes; Clostridia; Clostridiales; Eubacteriaceae; Anaerofustis
411	Pseudoramibacter alactolyticus | WP_006599629.1	cellular organisms; Bacteria; Terrabacteria group; Firmicutes; Clostridia; Clostridiales; Eubacteriaceae; Pseudoramibacter
412	Pseudoramibacter alactolyticus | WP_006598379.1	cellular organisms; Bacteria; Terrabacteria group; Firmicutes; Clostridia; Clostridiales; Eubacteriaceae; Pseudoramibacter
413	Blautia sp. An249 | WP_087221731.1	cellular organisms; Bacteria; Terrabacteria group; Firmicutes; Clostridia; Clostridiales; Lachnospiraceae; Blautia
414	Desulfitobacterium metallireducens | WP_006715535.1	cellular organisms; Bacteria; Terrabacteria group; Firmicutes; Clostridia; Clostridiales; Peptococcaceae; Desulfitobacterium
415	Desulfotomaculum profundi | WP_099081945.1	cellular organisms; Bacteria; Terrabacteria group; Firmicutes; Clostridia; Clostridiales; Peptococcaceae; Desulfotomaculum
416	[Clostridium] clariflavum | WP_014254528.1	cellular organisms; Bacteria; Terrabacteria group; Firmicutes; Clostridia; Clostridiales; Ruminococcaceae; Ruminiclostridium
417	[Clostridium] termitidis | WP_004625395.1	cellular organisms; Bacteria; Terrabacteria group; Firmicutes; Clostridia; Clostridiales; Ruminococcaceae; Ruminiclostridium
418	Clostridiales bacterium mt7 | WP_101730230.1	cellular organisms; Bacteria; Terrabacteria group; Firmicutes; Clostridia; Clostridiales; unclassified Clostridiales; unclassified Clostridiales (miscellaneous)
419	Clostridiales bacterium VE202-28 | WP_034577078.1	cellular organisms; Bacteria; Terrabacteria group; Firmicutes; Clostridia; Clostridiales; unclassified Clostridiales; unclassified Clostridiales (miscellaneous)
420	Clostridiales bacterium VE202-14 | WP_024733846.1	cellular organisms; Bacteria; Terrabacteria group; Firmicutes; Clostridia; Clostridiales; unclassified Clostridiales; unclassified Clostridiales (miscellaneous)
421	Ammonifex degensii | WP_015739823.1	cellular organisms; Bacteria; Terrabacteria group; Firmicutes; Clostridia; Thermoanaerobacterales; Thermoanaerobacteraceae; Moorella group; Ammonifex
422	Moorella thermoacetica | WP_071541488.1	cellular organisms; Bacteria; Terrabacteria group; Firmicutes; Clostridia; Thermoanaerobacterales; Thermoanaerobacteraceae; Moorella group; Moorella
423	Thermodesulfobium narugense | WP_013755793.1	cellular organisms; Bacteria; Terrabacteria group; Firmicutes; Clostridia; Thermoanaerobacterales; Thermodesulfobiaceae; Thermodesulfobium
424	Limnochorda pilosa | WP_068142238.1	cellular organisms; Bacteria; Terrabacteria group; Firmicutes; Limnochordia; Limnochordales; Limnochordaceae; Limnochorda
425	Propionispira arboris | WP_091832592.1	cellular organisms; Bacteria; Terrabacteria group; Firmicutes; Negativicutes; Selenomonadales; Selenomonadaceae; Propionispira
426	Propionispira arboris | WP_091832658.1	cellular organisms; Bacteria; Terrabacteria group; Firmicutes; Negativicutes; Selenomonadales; Selenomonadaceae; Propionispira
427	Dendrosporobacter quercicolus | WP_092073486.1	cellular organisms; Bacteria; Terrabacteria group; Firmicutes; Negativicutes; Selenomonadales; Sporomusaceae; Dendrosporobacter
428	Pelosinus sp. UFO1 | WP_038671795.1	cellular organisms; Bacteria; Terrabacteria group; Firmicutes; Negativicutes; Selenomonadales; Sporomusaceae; Pelosinus
429	Propionispora sp. 2/2-37 | WP_054261132.1	cellular organisms; Bacteria; Terrabacteria group; Firmicutes; Negativicutes; Selenomonadales; Sporomusaceae; Propionispora
430	Sporomusa silvacetica | WP_094606139.1	cellular organisms; Bacteria; Terrabacteria group; Firmicutes; Negativicutes; Selenomonadales; Sporomusaceae; Sporomusa
431	Veillonella seminalis | WP_040770881.1	cellular organisms; Bacteria; Terrabacteria group; Firmicutes; Negativicutes; Veillonellales; Veillonellaceae; Veillonella
432	Veillonella montpellierensis | WP_028257166.1	cellular organisms; Bacteria; Terrabacteria group; Firmicutes; Negativicutes; Veillonellales; Veillonellaceae; Veillonella
433	Veillonella parvula | WP_077708587.1	cellular organisms; Bacteria; Terrabacteria group; Firmicutes; Negativicutes; Veillonellales; Veillonellaceae; Veillonella
434	Veillonella magna | WP_028255303.1	cellular organisms; Bacteria; Terrabacteria group; Firmicutes; Negativicutes; Veillonellales; Veillonellaceae; Veillonella
435	Veillonella sp. oral taxon 780 | WP_009353355.1	cellular organisms; Bacteria; Terrabacteria group; Firmicutes; Negativicutes; Veillonellales; Veillonellaceae; Veillonella
436	Veillonella sp. AS16 | WP_038115757.1	cellular organisms; Bacteria; Terrabacteria group; Firmicutes; Negativicutes; Veillonellales; Veillonellaceae; Veillonella
437	Pseudothermotoga lettingae | WP_012003714.1	cellular organisms; Bacteria; Thermotogae; Thermotogae; Thermotogales; Thermotogaceae; Pseudothermotoga; Pseudothermotoga lettingae
438	bacterium A52C2 | WP_092495051.1	cellular organisms; Bacteria; unclassified Bacteria; unclassified Bacteria (miscellaneous)
439	bacterium MS4 | WP_052010453.1	cellular organisms; Bacteria; unclassified Bacteria; unclassified Bacteria (miscellaneous)
440	bacterium MS4 | WP_052010448.1	cellular organisms; Bacteria; unclassified Bacteria; unclassified Bacteria (miscellaneous)
