1	Candidatus Methanoperedens nitroreducens | KCZ70397	cellular organisms; Archaea; Euryarchaeota; Methanomicrobia; Methanosarcinales; Candidatus Methanoperedenaceae; Candidatus Methanoperedens
2	Candidatus Methanoperedens nitroreducens | KCZ71079	cellular organisms; Archaea; Euryarchaeota; Methanomicrobia; Methanosarcinales; Candidatus Methanoperedenaceae; Candidatus Methanoperedens
3	Candidatus Methanoperedens sp. BLZ1 | KPQ44254	cellular organisms; Archaea; Euryarchaeota; Methanomicrobia; Methanosarcinales; Candidatus Methanoperedenaceae; Candidatus Methanoperedens
4	Acidobacteria bacterium DSM 100886 | AMY12380	cellular organisms; Bacteria; Acidobacteria; unclassified Acidobacteria; Acidobacteria subdivision 6; Luteitalea
5	Desulfurispirillum indicum S5 | ADU66902	cellular organisms; Bacteria; Chrysiogenetes; Chrysiogenetes; Chrysiogenales; Chrysiogenaceae; Desulfurispirillum; Desulfurispirillum indicum
6	Bacteroides salyersiae | CUN25109	cellular organisms; Bacteria; FCB group; Bacteroidetes/Chlorobi group; Bacteroidetes; Bacteroidia; Bacteroidales; Bacteroidaceae; Bacteroides
7	Bacteroides uniformis | CUO71120	cellular organisms; Bacteria; FCB group; Bacteroidetes/Chlorobi group; Bacteroidetes; Bacteroidia; Bacteroidales; Bacteroidaceae; Bacteroides
8	Bacteroides caccae | CUQ13088	cellular organisms; Bacteria; FCB group; Bacteroidetes/Chlorobi group; Bacteroidetes; Bacteroidia; Bacteroidales; Bacteroidaceae; Bacteroides
9	Bacteroides ovatus | KWR62853	cellular organisms; Bacteria; FCB group; Bacteroidetes/Chlorobi group; Bacteroidetes; Bacteroidia; Bacteroidales; Bacteroidaceae; Bacteroides
10	Bacteroides fragilis | OCJ76307	cellular organisms; Bacteria; FCB group; Bacteroidetes/Chlorobi group; Bacteroidetes; Bacteroidia; Bacteroidales; Bacteroidaceae; Bacteroides
11	Bacteroides graminisolvens DSM 19988 = JCM 15093 | GAK35806	cellular organisms; Bacteria; FCB group; Bacteroidetes/Chlorobi group; Bacteroidetes; Bacteroidia; Bacteroidales; Bacteroidaceae; Bacteroides; Bacteroides graminisolvens
12	Bacteroides nordii CL02T12C05 | EIY53485	cellular organisms; Bacteria; FCB group; Bacteroidetes/Chlorobi group; Bacteroidetes; Bacteroidia; Bacteroidales; Bacteroidaceae; Bacteroides; Bacteroides nordii
13	Bacteroides xylanisolvens SD CC 1b | CDM04937	cellular organisms; Bacteria; FCB group; Bacteroidetes/Chlorobi group; Bacteroidetes; Bacteroidia; Bacteroidales; Bacteroidaceae; Bacteroides; Bacteroides xylanisolvens
14	uncultured Bacteroides sp. | SCH72988	cellular organisms; Bacteria; FCB group; Bacteroidetes/Chlorobi group; Bacteroidetes; Bacteroidia; Bacteroidales; Bacteroidaceae; Bacteroides; environmental samples
15	uncultured Bacteroides sp. | SCJ99587	cellular organisms; Bacteria; FCB group; Bacteroidetes/Chlorobi group; Bacteroidetes; Bacteroidia; Bacteroidales; Bacteroidaceae; Bacteroides; environmental samples
16	Dysgonomonas gadei ATCC BAA-286 | EGJ99894	cellular organisms; Bacteria; FCB group; Bacteroidetes/Chlorobi group; Bacteroidetes; Bacteroidia; Bacteroidales; Dysgonamonadaceae; Dysgonomonas; Dysgonomonas gadei
17	Dysgonomonas mossii DSM 22836 | EGK05803	cellular organisms; Bacteria; FCB group; Bacteroidetes/Chlorobi group; Bacteroidetes; Bacteroidia; Bacteroidales; Dysgonamonadaceae; Dysgonomonas; Dysgonomonas mossii
18	Porphyromonadaceae bacterium ING2-E5B | CEA16611	cellular organisms; Bacteria; FCB group; Bacteroidetes/Chlorobi group; Bacteroidetes; Bacteroidia; Bacteroidales; Porphyromonadaceae; Fermentimonas
19	Macellibacteroides sp. HH-ZS | OCW94969	cellular organisms; Bacteria; FCB group; Bacteroidetes/Chlorobi group; Bacteroidetes; Bacteroidia; Bacteroidales; Porphyromonadaceae; Macellibacteroides
20	Porphyromonas gingivalis JCVI SC001 | EOA10241	cellular organisms; Bacteria; FCB group; Bacteroidetes/Chlorobi group; Bacteroidetes; Bacteroidia; Bacteroidales; Porphyromonadaceae; Porphyromonas; Porphyromonas gingivalis
21	Prevotella sp. oral taxon 302 str. F0323 | EHG23103	cellular organisms; Bacteria; FCB group; Bacteroidetes/Chlorobi group; Bacteroidetes; Bacteroidia; Bacteroidales; Prevotellaceae; Alloprevotella; Alloprevotella rava
22	Prevotella enoeca | ALO48664	cellular organisms; Bacteria; FCB group; Bacteroidetes/Chlorobi group; Bacteroidetes; Bacteroidia; Bacteroidales; Prevotellaceae; Prevotella
23	Prevotella intermedia | BAU17089	cellular organisms; Bacteria; FCB group; Bacteroidetes/Chlorobi group; Bacteroidetes; Bacteroidia; Bacteroidales; Prevotellaceae; Prevotella
24	Prevotella oralis | SHF37385	cellular organisms; Bacteria; FCB group; Bacteroidetes/Chlorobi group; Bacteroidetes; Bacteroidia; Bacteroidales; Prevotellaceae; Prevotella
25	Prevotella buccalis ATCC 35310 | EFA93119	cellular organisms; Bacteria; FCB group; Bacteroidetes/Chlorobi group; Bacteroidetes; Bacteroidia; Bacteroidales; Prevotellaceae; Prevotella; Prevotella buccalis
26	Prevotella dentalis DSM 3688 | EGQ16718	cellular organisms; Bacteria; FCB group; Bacteroidetes/Chlorobi group; Bacteroidetes; Bacteroidia; Bacteroidales; Prevotellaceae; Prevotella; Prevotella dentalis
27	Prevotella denticola CRIS 18C-A | EGC85198	cellular organisms; Bacteria; FCB group; Bacteroidetes/Chlorobi group; Bacteroidetes; Bacteroidia; Bacteroidales; Prevotellaceae; Prevotella; Prevotella denticola
28	Prevotella fusca JCM 17724 | AKU68757	cellular organisms; Bacteria; FCB group; Bacteroidetes/Chlorobi group; Bacteroidetes; Bacteroidia; Bacteroidales; Prevotellaceae; Prevotella; Prevotella fusca
29	Prevotella histicola F0411 | EHG16275	cellular organisms; Bacteria; FCB group; Bacteroidetes/Chlorobi group; Bacteroidetes; Bacteroidia; Bacteroidales; Prevotellaceae; Prevotella; Prevotella histicola
30	Prevotella micans F0438 | EHO71869	cellular organisms; Bacteria; FCB group; Bacteroidetes/Chlorobi group; Bacteroidetes; Bacteroidia; Bacteroidales; Prevotellaceae; Prevotella; Prevotella micans
31	Prevotella pallens ATCC 700821 | EGQ18213	cellular organisms; Bacteria; FCB group; Bacteroidetes/Chlorobi group; Bacteroidetes; Bacteroidia; Bacteroidales; Prevotellaceae; Prevotella; Prevotella pallens
32	Prevotella scopos JCM 17725 | ANR72887	cellular organisms; Bacteria; FCB group; Bacteroidetes/Chlorobi group; Bacteroidetes; Bacteroidia; Bacteroidales; Prevotellaceae; Prevotella; Prevotella scopos
33	Prevotella sp. oral taxon 472 str. F0295 | EEX54463	cellular organisms; Bacteria; FCB group; Bacteroidetes/Chlorobi group; Bacteroidetes; Bacteroidia; Bacteroidales; Prevotellaceae; Prevotella; Prevotella sp. oral taxon 472
34	Parabacteroides goldsteinii | KMM31526	cellular organisms; Bacteria; FCB group; Bacteroidetes/Chlorobi group; Bacteroidetes; Bacteroidia; Bacteroidales; Tannerellaceae; Parabacteroides
35	Parabacteroides goldsteinii | KMM33888	cellular organisms; Bacteria; FCB group; Bacteroidetes/Chlorobi group; Bacteroidetes; Bacteroidia; Bacteroidales; Tannerellaceae; Parabacteroides
36	Parabacteroides sp. D26 | KMW38990	cellular organisms; Bacteria; FCB group; Bacteroidetes/Chlorobi group; Bacteroidetes; Bacteroidia; Bacteroidales; Tannerellaceae; Parabacteroides
37	Parabacteroides distasonis ATCC 8503 | ABR42449	cellular organisms; Bacteria; FCB group; Bacteroidetes/Chlorobi group; Bacteroidetes; Bacteroidia; Bacteroidales; Tannerellaceae; Parabacteroides; Parabacteroides distasonis
38	Bacteroidales bacterium CF | AGY54781	cellular organisms; Bacteria; FCB group; Bacteroidetes/Chlorobi group; Bacteroidetes; Bacteroidia; Bacteroidales; unclassified Bacteroidales; unclassified Bacteroidales (miscellaneous)
39	Draconibacterium orientale | AHW60892	cellular organisms; Bacteria; FCB group; Bacteroidetes/Chlorobi group; Bacteroidetes; Bacteroidia; Marinilabiliales; Prolixibacteraceae; Draconibacterium
40	Draconibacterium sediminis | KJF43675	cellular organisms; Bacteria; FCB group; Bacteroidetes/Chlorobi group; Bacteroidetes; Bacteroidia; Marinilabiliales; Prolixibacteraceae; Draconibacterium
41	Sunxiuqinia dokdonensis | KOH46114	cellular organisms; Bacteria; FCB group; Bacteroidetes/Chlorobi group; Bacteroidetes; Bacteroidia; Marinilabiliales; Prolixibacteraceae; Sunxiuqinia
42	bacterium L21-Spi-D4 | ALO14423	cellular organisms; Bacteria; FCB group; Bacteroidetes/Chlorobi group; Bacteroidetes; Bacteroidia; Marinilabiliales; Salinivirgaceae; Salinivirga
43	Belliella baltica DSM 15883 | AFL85155	cellular organisms; Bacteria; FCB group; Bacteroidetes/Chlorobi group; Bacteroidetes; Cytophagia; Cytophagales; Cyclobacteriaceae; Belliella; Belliella baltica
44	Cyclobacterium amurskyense | AKP53473	cellular organisms; Bacteria; FCB group; Bacteroidetes/Chlorobi group; Bacteroidetes; Cytophagia; Cytophagales; Cyclobacteriaceae; Cyclobacterium
45	Echinicola vietnamensis DSM 17526 | AGA77150	cellular organisms; Bacteria; FCB group; Bacteroidetes/Chlorobi group; Bacteroidetes; Cytophagia; Cytophagales; Cyclobacteriaceae; Echinicola; Echinicola vietnamensis
46	Anditalea andensis | KEO75801	cellular organisms; Bacteria; FCB group; Bacteroidetes/Chlorobi group; Bacteroidetes; Cytophagia; Cytophagales; Cytophagaceae; Anditalea
47	Flammeovirga sp. MY04 | ANQ52678	cellular organisms; Bacteria; FCB group; Bacteroidetes/Chlorobi group; Bacteroidetes; Cytophagia; Cytophagales; Flammeovirgaceae; Flammeovirga
48	Flammeovirga sp. SJP92 | KXX71091	cellular organisms; Bacteria; FCB group; Bacteroidetes/Chlorobi group; Bacteroidetes; Cytophagia; Cytophagales; Flammeovirgaceae; Flammeovirga
49	Marivirga tractuosa DSM 4126 | ADR22714	cellular organisms; Bacteria; FCB group; Bacteroidetes/Chlorobi group; Bacteroidetes; Cytophagia; Cytophagales; Flammeovirgaceae; Marivirga; Marivirga tractuosa
50	Flammeovirgaceae bacterium 311 | AHM58449	cellular organisms; Bacteria; FCB group; Bacteroidetes/Chlorobi group; Bacteroidetes; Cytophagia; Cytophagales; Flammeovirgaceae; unclassified Flammeovirgaceae
51	Flammeovirgaceae bacterium 311 | AHM60256	cellular organisms; Bacteria; FCB group; Bacteroidetes/Chlorobi group; Bacteroidetes; Cytophagia; Cytophagales; Flammeovirgaceae; unclassified Flammeovirgaceae
52	Aquimarina sp. RZW4-3-2 | KZS40649	cellular organisms; Bacteria; FCB group; Bacteroidetes/Chlorobi group; Bacteroidetes; Flavobacteriia; Flavobacteriales; Flavobacteriaceae; Aquimarina
53	Bizionia argentinensis JUB59 | EGV42055	cellular organisms; Bacteria; FCB group; Bacteroidetes/Chlorobi group; Bacteroidetes; Flavobacteriia; Flavobacteriales; Flavobacteriaceae; Bizionia; Bizionia argentinensis
54	Capnocytophaga canis | CEN45393	cellular organisms; Bacteria; FCB group; Bacteroidetes/Chlorobi group; Bacteroidetes; Flavobacteriia; Flavobacteriales; Flavobacteriaceae; Capnocytophaga
55	Capnocytophaga canimorsus Cc5 | AEK23976	cellular organisms; Bacteria; FCB group; Bacteroidetes/Chlorobi group; Bacteroidetes; Flavobacteriia; Flavobacteriales; Flavobacteriaceae; Capnocytophaga; Capnocytophaga canimorsus
56	Capnocytophaga ochracea str. Holt 25 | EJF43778	cellular organisms; Bacteria; FCB group; Bacteroidetes/Chlorobi group; Bacteroidetes; Flavobacteriia; Flavobacteriales; Flavobacteriaceae; Capnocytophaga; Capnocytophaga ochracea
57	Capnocytophaga sp. oral taxon 329 str. F0087 | EGJ55208	cellular organisms; Bacteria; FCB group; Bacteroidetes/Chlorobi group; Bacteroidetes; Flavobacteriia; Flavobacteriales; Flavobacteriaceae; Capnocytophaga; Capnocytophaga sp. oral taxon 329
58	Capnocytophaga sp. oral taxon 338 str. F0234 | EGD34788	cellular organisms; Bacteria; FCB group; Bacteroidetes/Chlorobi group; Bacteroidetes; Flavobacteriia; Flavobacteriales; Flavobacteriaceae; Capnocytophaga; Capnocytophaga sp. oral taxon 338
59	Flagellimonas sp. DK169 | KQC28642	cellular organisms; Bacteria; FCB group; Bacteroidetes/Chlorobi group; Bacteroidetes; Flavobacteriia; Flavobacteriales; Flavobacteriaceae; Flagellimonas
60	Flavobacterium piscis | OCB77017	cellular organisms; Bacteria; FCB group; Bacteroidetes/Chlorobi group; Bacteroidetes; Flavobacteriia; Flavobacteriales; Flavobacteriaceae; Flavobacterium
61	Imtechella halotolerans K1 | EID76822	cellular organisms; Bacteria; FCB group; Bacteroidetes/Chlorobi group; Bacteroidetes; Flavobacteriia; Flavobacteriales; Flavobacteriaceae; Imtechella; Imtechella halotolerans
62	Lutibacter sp. BRH_c52 | KUO66457	cellular organisms; Bacteria; FCB group; Bacteroidetes/Chlorobi group; Bacteroidetes; Flavobacteriia; Flavobacteriales; Flavobacteriaceae; Lutibacter
63	Ornithobacterium rhinotracheale DSM 15997 | AFL98234	cellular organisms; Bacteria; FCB group; Bacteroidetes/Chlorobi group; Bacteroidetes; Flavobacteriia; Flavobacteriales; Flavobacteriaceae; Ornithobacterium; Ornithobacterium rhinotracheale
64	Polaribacter sp. Hel1_85 | KGL62173	cellular organisms; Bacteria; FCB group; Bacteroidetes/Chlorobi group; Bacteroidetes; Flavobacteriia; Flavobacteriales; Flavobacteriaceae; Polaribacter
65	Riemerella anatipestifer | OBP45504	cellular organisms; Bacteria; FCB group; Bacteroidetes/Chlorobi group; Bacteroidetes; Flavobacteriia; Flavobacteriales; Flavobacteriaceae; Riemerella
66	Tamlana sp. s12 | OBQ56626	cellular organisms; Bacteria; FCB group; Bacteroidetes/Chlorobi group; Bacteroidetes; Flavobacteriia; Flavobacteriales; Flavobacteriaceae; Tamlana
67	Solitalea canadensis DSM 3403 | AFD05464	cellular organisms; Bacteria; FCB group; Bacteroidetes/Chlorobi group; Bacteroidetes; Sphingobacteriia; Sphingobacteriales; Sphingobacteriaceae; Solitalea; Solitalea canadensis
68	Bacteroidetes bacterium HLUCCA01 | KPP94715	cellular organisms; Bacteria; FCB group; Bacteroidetes/Chlorobi group; Bacteroidetes; unclassified Bacteroidetes; unclassified Bacteroidetes (miscellaneous)
69	Ignavibacterium album JCM 16511 | AFH48573	cellular organisms; Bacteria; FCB group; Bacteroidetes/Chlorobi group; Ignavibacteriae; Ignavibacteria; Ignavibacteriales; Ignavibacteriaceae; Ignavibacterium; Ignavibacterium album
70	Melioribacter roseus P3M-2 | AFN74337	cellular organisms; Bacteria; FCB group; Bacteroidetes/Chlorobi group; Ignavibacteriae; Ignavibacteria; Ignavibacteriales; Melioribacteraceae; Melioribacter; Melioribacter roseus
71	Nitrospira sp. ENR4 | CUQ65653	cellular organisms; Bacteria; Nitrospirae; Nitrospira; Nitrospirales; Nitrospiraceae; Nitrospira
72	Thermodesulfovibrio aggregans | GAQ95353	cellular organisms; Bacteria; Nitrospirae; Nitrospira; Nitrospirales; Nitrospiraceae; Thermodesulfovibrio; Thermodesulfovibrio aggregans
73	Thermodesulfovibrio yellowstonii DSM 11347 | ACI21266	cellular organisms; Bacteria; Nitrospirae; Nitrospira; Nitrospirales; Nitrospiraceae; Thermodesulfovibrio; Thermodesulfovibrio yellowstonii
74	Nitrospirae bacterium HCH-1 | KWT82654	cellular organisms; Bacteria; Nitrospirae; unclassified Nitrospirae
75	Omnitrophica bacterium OLB16 | KXK35844	cellular organisms; Bacteria; PVC group; Candidatus Omnitrophica; unclassified Candidatus Omnitrophica
76	Chlamydia trachomatis | CQB86498	cellular organisms; Bacteria; PVC group; Chlamydiae; Chlamydiia; Chlamydiales; Chlamydiaceae; Chlamydia/Chlamydophila group; Chlamydia
77	Lentisphaera araneosa HTCC2155 | EDM28977	cellular organisms; Bacteria; PVC group; Lentisphaerae; Lentisphaeria; Lentisphaerales; Lentisphaeraceae; Lentisphaera; Lentisphaera araneosa
78	Candidatus Brocadia fulgida | KKO19962	cellular organisms; Bacteria; PVC group; Planctomycetes; Planctomycetia; Candidatus Brocadiales; Candidatus Brocadiaceae; Candidatus Brocadia
79	Candidatus Brocadia sinica | KXK33286	cellular organisms; Bacteria; PVC group; Planctomycetes; Planctomycetia; Candidatus Brocadiales; Candidatus Brocadiaceae; Candidatus Brocadia
80	Candidatus Jettenia caeni | GAB60912	cellular organisms; Bacteria; PVC group; Planctomycetes; Planctomycetia; Candidatus Brocadiales; Candidatus Brocadiaceae; Candidatus Jettenia
81	Planctomyces maris DSM 8797 | EDL56599	cellular organisms; Bacteria; PVC group; Planctomycetes; Planctomycetia; Planctomycetales; Planctomycetaceae; Gimesia; Gimesia maris
82	Planctomyces sp. SH-PL14 | AMV18317	cellular organisms; Bacteria; PVC group; Planctomycetes; Planctomycetia; Planctomycetales; Planctomycetaceae; Planctomyces
83	Rhodopirellula sp. K833 | KLU07455	cellular organisms; Bacteria; PVC group; Planctomycetes; Planctomycetia; Planctomycetales; Planctomycetaceae; Rhodopirellula
84	Rhodopirellula baltica SH 1 | CAD77197	cellular organisms; Bacteria; PVC group; Planctomycetes; Planctomycetia; Planctomycetales; Planctomycetaceae; Rhodopirellula; Rhodopirellula baltica
85	Planctomyces brasiliensis DSM 5305 | ADY61884	cellular organisms; Bacteria; PVC group; Planctomycetes; Planctomycetia; Planctomycetales; Planctomycetaceae; Rubinisphaera; Rubinisphaera brasiliensis
86	Opitutus terrae PB90-1 | ACB77879	cellular organisms; Bacteria; PVC group; Verrucomicrobia; Opitutae; Opitutales; Opitutaceae; Opitutus; Opitutus terrae
87	Opitutaceae bacterium TAV5 | AHF92682	cellular organisms; Bacteria; PVC group; Verrucomicrobia; Opitutae; Opitutales; Opitutaceae; unclassified Opitutaceae
88	Opitutaceae bacterium TSB47 | OAM90349	cellular organisms; Bacteria; PVC group; Verrucomicrobia; Opitutae; Opitutales; Opitutaceae; unclassified Opitutaceae
89	Coraliomargarita akajimensis DSM 45221 | ADE55925	cellular organisms; Bacteria; PVC group; Verrucomicrobia; Opitutae; Puniceicoccales; Puniceicoccaceae; Coraliomargarita; Coraliomargarita akajimensis
90	Chthoniobacter flavus Ellin428 | EDY20839	cellular organisms; Bacteria; PVC group; Verrucomicrobia; Spartobacteria; Chthoniobacterales; Chthoniobacteraceae; Chthoniobacter; Chthoniobacter flavus
91	Aeromonas enteropelogenes | KXU78566	cellular organisms; Bacteria; Proteobacteria; Gammaproteobacteria; Aeromonadales; Aeromonadaceae; Aeromonas; Aeromonas enteropelogenes
92	Aeromonas hydrophila 4AK4 | AHE49746	cellular organisms; Bacteria; Proteobacteria; Gammaproteobacteria; Aeromonadales; Aeromonadaceae; Aeromonas; Aeromonas hydrophila
93	Aeromonas hydrophila subsp. hydrophila ATCC 7966 | ABK36674	cellular organisms; Bacteria; Proteobacteria; Gammaproteobacteria; Aeromonadales; Aeromonadaceae; Aeromonas; Aeromonas hydrophila; Aeromonas hydrophila subsp. hydrophila
94	Aeromonas salmonicida subsp. salmonicida | KTA90097	cellular organisms; Bacteria; Proteobacteria; Gammaproteobacteria; Aeromonadales; Aeromonadaceae; Aeromonas; Aeromonas salmonicida
95	Aeromonas schubertii | ALP40612	cellular organisms; Bacteria; Proteobacteria; Gammaproteobacteria; Aeromonadales; Aeromonadaceae; Aeromonas; Aeromonas schubertii
96	Aeromonas veronii | ANB55099	cellular organisms; Bacteria; Proteobacteria; Gammaproteobacteria; Aeromonadales; Aeromonadaceae; Aeromonas; Aeromonas veronii
97	Ferrimonas balearica DSM 9799 | ADN76356	cellular organisms; Bacteria; Proteobacteria; Gammaproteobacteria; Alteromonadales; Ferrimonadaceae; Ferrimonas; Ferrimonas balearica
98	Ferrimonas balearica DSM 9799 | ADN77332	cellular organisms; Bacteria; Proteobacteria; Gammaproteobacteria; Alteromonadales; Ferrimonadaceae; Ferrimonas; Ferrimonas balearica
99	Ferrimonas balearica DSM 9799 | ADN77581	cellular organisms; Bacteria; Proteobacteria; Gammaproteobacteria; Alteromonadales; Ferrimonadaceae; Ferrimonas; Ferrimonas balearica
100	Moritella sp. PE36 | EDM65449	cellular organisms; Bacteria; Proteobacteria; Gammaproteobacteria; Alteromonadales; Moritellaceae; Moritella
101	Moritella sp. JT01 | KXO09018	cellular organisms; Bacteria; Proteobacteria; Gammaproteobacteria; Alteromonadales; Moritellaceae; Moritella
102	Shewanella sp. ANA-3 | ABK46896	cellular organisms; Bacteria; Proteobacteria; Gammaproteobacteria; Alteromonadales; Shewanellaceae; Shewanella
103	Shewanella sp. ANA-3 | ABK48592	cellular organisms; Bacteria; Proteobacteria; Gammaproteobacteria; Alteromonadales; Shewanellaceae; Shewanella
104	Shewanella sp. HN-41 | EGM71680	cellular organisms; Bacteria; Proteobacteria; Gammaproteobacteria; Alteromonadales; Shewanellaceae; Shewanella
105	Shewanella sp. P1-14-1 | KPZ71076	cellular organisms; Bacteria; Proteobacteria; Gammaproteobacteria; Alteromonadales; Shewanellaceae; Shewanella
106	Shewanella sp. UCD-FRSSP16_17 | OBT08373	cellular organisms; Bacteria; Proteobacteria; Gammaproteobacteria; Alteromonadales; Shewanellaceae; Shewanella
107	Shewanella amazonensis SB2B | ABL98856	cellular organisms; Bacteria; Proteobacteria; Gammaproteobacteria; Alteromonadales; Shewanellaceae; Shewanella; Shewanella amazonensis
108	Shewanella baltica OS223 | ACK48130	cellular organisms; Bacteria; Proteobacteria; Gammaproteobacteria; Alteromonadales; Shewanellaceae; Shewanella; Shewanella baltica
109	Shewanella benthica KT99 | EDP99691	cellular organisms; Bacteria; Proteobacteria; Gammaproteobacteria; Alteromonadales; Shewanellaceae; Shewanella; Shewanella benthica
110	Shewanella benthica KT99 | EDQ01741	cellular organisms; Bacteria; Proteobacteria; Gammaproteobacteria; Alteromonadales; Shewanellaceae; Shewanella; Shewanella benthica
111	Shewanella decolorationis S12 | ESE39618	cellular organisms; Bacteria; Proteobacteria; Gammaproteobacteria; Alteromonadales; Shewanellaceae; Shewanella; Shewanella decolorationis
112	Shewanella frigidimarina NCIMB 400 | ABI70482	cellular organisms; Bacteria; Proteobacteria; Gammaproteobacteria; Alteromonadales; Shewanellaceae; Shewanella; Shewanella frigidimarina
113	Shewanella frigidimarina NCIMB 400 | ABI72874	cellular organisms; Bacteria; Proteobacteria; Gammaproteobacteria; Alteromonadales; Shewanellaceae; Shewanella; Shewanella frigidimarina
114	Shewanella halifaxensis HAW-EB4 | ABZ75831	cellular organisms; Bacteria; Proteobacteria; Gammaproteobacteria; Alteromonadales; Shewanellaceae; Shewanella; Shewanella halifaxensis
115	Shewanella halifaxensis HAW-EB4 | ABZ77467	cellular organisms; Bacteria; Proteobacteria; Gammaproteobacteria; Alteromonadales; Shewanellaceae; Shewanella; Shewanella halifaxensis
116	Shewanella halifaxensis HAW-EB4 | ABZ77469	cellular organisms; Bacteria; Proteobacteria; Gammaproteobacteria; Alteromonadales; Shewanellaceae; Shewanella; Shewanella halifaxensis
117	Shewanella loihica PV-4 | ABO22377	cellular organisms; Bacteria; Proteobacteria; Gammaproteobacteria; Alteromonadales; Shewanellaceae; Shewanella; Shewanella loihica
118	Shewanella loihica PV-4 | ABO22716	cellular organisms; Bacteria; Proteobacteria; Gammaproteobacteria; Alteromonadales; Shewanellaceae; Shewanella; Shewanella loihica
119	Shewanella mangrovi | KFZ39204	cellular organisms; Bacteria; Proteobacteria; Gammaproteobacteria; Alteromonadales; Shewanellaceae; Shewanella; Shewanella mangrovi
120	Shewanella pealeana ATCC 700345 | ABV86158	cellular organisms; Bacteria; Proteobacteria; Gammaproteobacteria; Alteromonadales; Shewanellaceae; Shewanella; Shewanella pealeana
121	Shewanella pealeana ATCC 700345 | ABV86555	cellular organisms; Bacteria; Proteobacteria; Gammaproteobacteria; Alteromonadales; Shewanellaceae; Shewanella; Shewanella pealeana
122	Shewanella pealeana ATCC 700345 | ABV88131	cellular organisms; Bacteria; Proteobacteria; Gammaproteobacteria; Alteromonadales; Shewanellaceae; Shewanella; Shewanella pealeana
123	Shewanella piezotolerans WP3 | ACJ27725	cellular organisms; Bacteria; Proteobacteria; Gammaproteobacteria; Alteromonadales; Shewanellaceae; Shewanella; Shewanella piezotolerans
124	Shewanella piezotolerans WP3 | ACJ30103	cellular organisms; Bacteria; Proteobacteria; Gammaproteobacteria; Alteromonadales; Shewanellaceae; Shewanella; Shewanella piezotolerans
125	Shewanella piezotolerans WP3 | ACJ30628	cellular organisms; Bacteria; Proteobacteria; Gammaproteobacteria; Alteromonadales; Shewanellaceae; Shewanella; Shewanella piezotolerans
126	Shewanella putrefaciens CN-32 | ABP74415	cellular organisms; Bacteria; Proteobacteria; Gammaproteobacteria; Alteromonadales; Shewanellaceae; Shewanella; Shewanella putrefaciens
127	Shewanella putrefaciens CN-32 | ABP77312	cellular organisms; Bacteria; Proteobacteria; Gammaproteobacteria; Alteromonadales; Shewanellaceae; Shewanella; Shewanella putrefaciens
128	Shewanella sediminis HAW-EB3 | ABV35299	cellular organisms; Bacteria; Proteobacteria; Gammaproteobacteria; Alteromonadales; Shewanellaceae; Shewanella; Shewanella sediminis
129	Shewanella sediminis HAW-EB3 | ABV35542	cellular organisms; Bacteria; Proteobacteria; Gammaproteobacteria; Alteromonadales; Shewanellaceae; Shewanella; Shewanella sediminis
130	Shewanella woodyi ATCC 51908 | ACA85265	cellular organisms; Bacteria; Proteobacteria; Gammaproteobacteria; Alteromonadales; Shewanellaceae; Shewanella; Shewanella woodyi
131	Halorhodospira halophila SL1 | ABM62141	cellular organisms; Bacteria; Proteobacteria; Gammaproteobacteria; Chromatiales; Ectothiorhodospiraceae; Halorhodospira; Halorhodospira halophila
132	Pragia fontium | AKJ43620	cellular organisms; Bacteria; Proteobacteria; Gammaproteobacteria; Enterobacterales; Budviciaceae; Pragia; Pragia fontium
133	Escherichia hermannii NBRC 105704 | GAB51916	cellular organisms; Bacteria; Proteobacteria; Gammaproteobacteria; Enterobacterales; Enterobacteriaceae; Atlantibacter; Atlantibacter hermannii
134	Citrobacter sp. 50677481 | KSY28503	cellular organisms; Bacteria; Proteobacteria; Gammaproteobacteria; Enterobacterales; Enterobacteriaceae; Citrobacter
135	Citrobacter amalonaticus | AMG52533	cellular organisms; Bacteria; Proteobacteria; Gammaproteobacteria; Enterobacterales; Enterobacteriaceae; Citrobacter; Citrobacter amalonaticus
136	Citrobacter sp. MGH105 | KLV68461	cellular organisms; Bacteria; Proteobacteria; Gammaproteobacteria; Enterobacterales; Enterobacteriaceae; Citrobacter; Citrobacter freundii complex
137	Citrobacter koseri | CDZ85336	cellular organisms; Bacteria; Proteobacteria; Gammaproteobacteria; Enterobacterales; Enterobacteriaceae; Citrobacter; Citrobacter koseri
138	Escherichia coli 1-250-04_S4_C2 | EZJ33151	cellular organisms; Bacteria; Proteobacteria; Gammaproteobacteria; Enterobacterales; Enterobacteriaceae; Escherichia; Escherichia coli
139	Pluralibacter gergoviae | KOQ98662	cellular organisms; Bacteria; Proteobacteria; Gammaproteobacteria; Enterobacterales; Enterobacteriaceae; Pluralibacter; Pluralibacter gergoviae
140	Salmonella enterica subsp. enterica serovar Tennessee | KWR33583	cellular organisms; Bacteria; Proteobacteria; Gammaproteobacteria; Enterobacterales; Enterobacteriaceae; Salmonella; Salmonella enterica; Salmonella enterica subsp. enterica
141	Salmonella enterica subsp. enterica serovar Infantis str. 335-3 | ETE43247	cellular organisms; Bacteria; Proteobacteria; Gammaproteobacteria; Enterobacterales; Enterobacteriaceae; Salmonella; Salmonella enterica; Salmonella enterica subsp. enterica; Salmonella enterica subsp. enterica serovar Infantis
142	Salmonella enterica subsp. enterica serovar Kentucky str. SA20030505 | KSB26549	cellular organisms; Bacteria; Proteobacteria; Gammaproteobacteria; Enterobacterales; Enterobacteriaceae; Salmonella; Salmonella enterica; Salmonella enterica subsp. enterica; Salmonella enterica subsp. enterica serovar Kentucky
143	Shimwellia blattae DSM 4481 = NBRC 105725 | GAB83186	cellular organisms; Bacteria; Proteobacteria; Gammaproteobacteria; Enterobacterales; Enterobacteriaceae; Shimwellia; Shimwellia blattae
144	Trabulsiella odontotermitis | KNC94678	cellular organisms; Bacteria; Proteobacteria; Gammaproteobacteria; Enterobacterales; Enterobacteriaceae; Trabulsiella; Trabulsiella odontotermitis
145	Edwardsiella piscicida | GAJ64736	cellular organisms; Bacteria; Proteobacteria; Gammaproteobacteria; Enterobacterales; Hafniaceae; Edwardsiella; Edwardsiella piscicida
146	Edwardsiella tarda | AKH88224	cellular organisms; Bacteria; Proteobacteria; Gammaproteobacteria; Enterobacterales; Hafniaceae; Edwardsiella; Edwardsiella tarda
147	Providencia alcalifaciens 205/92 | EUD11407	cellular organisms; Bacteria; Proteobacteria; Gammaproteobacteria; Enterobacterales; Morganellaceae; Providencia; Providencia alcalifaciens
148	Providencia heimbachae ATCC 35613 | OAT48747	cellular organisms; Bacteria; Proteobacteria; Gammaproteobacteria; Enterobacterales; Morganellaceae; Providencia; Providencia heimbachae
149	Providencia rettgeri DSM 1131 | EFE53254	cellular organisms; Bacteria; Proteobacteria; Gammaproteobacteria; Enterobacterales; Morganellaceae; Providencia; Providencia rettgeri
150	Providencia stuartii | KNZ85294	cellular organisms; Bacteria; Proteobacteria; Gammaproteobacteria; Enterobacterales; Morganellaceae; Providencia; Providencia stuartii
151	Pectobacterium atrosepticum | AIA70717	cellular organisms; Bacteria; Proteobacteria; Gammaproteobacteria; Enterobacterales; Pectobacteriaceae; Pectobacterium; Pectobacterium atrosepticum
152	Chania multitudinisentens RB-25 | AHG18392	cellular organisms; Bacteria; Proteobacteria; Gammaproteobacteria; Enterobacterales; Yersiniaceae; Chania; Chania multitudinisentens
153	Serratia fonticola | ALX97208	cellular organisms; Bacteria; Proteobacteria; Gammaproteobacteria; Enterobacterales; Yersiniaceae; Serratia; Serratia fonticola
154	Yersinia enterocolitica | CRX46294	cellular organisms; Bacteria; Proteobacteria; Gammaproteobacteria; Enterobacterales; Yersiniaceae; Yersinia; Yersinia enterocolitica
155	Yersinia frederiksenii | CFR14840	cellular organisms; Bacteria; Proteobacteria; Gammaproteobacteria; Enterobacterales; Yersiniaceae; Yersinia; Yersinia frederiksenii
156	Yersinia intermedia | CRY54253	cellular organisms; Bacteria; Proteobacteria; Gammaproteobacteria; Enterobacterales; Yersiniaceae; Yersinia; Yersinia intermedia
157	Yersinia mollaretii | CNI22556	cellular organisms; Bacteria; Proteobacteria; Gammaproteobacteria; Enterobacterales; Yersiniaceae; Yersinia; Yersinia mollaretii
158	Yersinia rohdei | CQI87829	cellular organisms; Bacteria; Proteobacteria; Gammaproteobacteria; Enterobacterales; Yersiniaceae; Yersinia; Yersinia rohdei
159	Plesiomonas shigelloides | SBT61071	cellular organisms; Bacteria; Proteobacteria; Gammaproteobacteria; Enterobacterales; unclassified Enterobacterales; Plesiomonas; Plesiomonas shigelloides
160	Actinobacillus minor NM305 | EER47371	cellular organisms; Bacteria; Proteobacteria; Gammaproteobacteria; Pasteurellales; Pasteurellaceae; Actinobacillus; Actinobacillus minor
161	Actinobacillus pleuropneumoniae serovar 6 str. Femo | EFM92941	cellular organisms; Bacteria; Proteobacteria; Gammaproteobacteria; Pasteurellales; Pasteurellaceae; Actinobacillus; Actinobacillus pleuropneumoniae; Actinobacillus pleuropneumoniae serovar 6
162	Actinobacillus succinogenes 130Z | ABR74077	cellular organisms; Bacteria; Proteobacteria; Gammaproteobacteria; Pasteurellales; Pasteurellaceae; Actinobacillus; Actinobacillus succinogenes
163	Actinobacillus suis | OQS58289	cellular organisms; Bacteria; Proteobacteria; Gammaproteobacteria; Pasteurellales; Pasteurellaceae; Actinobacillus; Actinobacillus suis
164	Aggregatibacter actinomycetemcomitans serotype b str. I23C | KOE52291	cellular organisms; Bacteria; Proteobacteria; Gammaproteobacteria; Pasteurellales; Pasteurellaceae; Aggregatibacter; Aggregatibacter actinomycetemcomitans
165	Aggregatibacter aphrophilus NJ8700 | ACS96485	cellular organisms; Bacteria; Proteobacteria; Gammaproteobacteria; Pasteurellales; Pasteurellaceae; Aggregatibacter; Aggregatibacter aphrophilus
166	Aggregatibacter segnis ATCC 33393 | EFU68513	cellular organisms; Bacteria; Proteobacteria; Gammaproteobacteria; Pasteurellales; Pasteurellaceae; Aggregatibacter; Aggregatibacter segnis
167	Mannheimia succiniciproducens MBEL55E | AAU38426	cellular organisms; Bacteria; Proteobacteria; Gammaproteobacteria; Pasteurellales; Pasteurellaceae; Basfia; [Mannheimia] succiniciproducens
168	Bibersteinia trehalosi Y31 | OAQ15699	cellular organisms; Bacteria; Proteobacteria; Gammaproteobacteria; Pasteurellales; Pasteurellaceae; Bibersteinia; Bibersteinia trehalosi
169	Gallibacterium genomosp. 3 | OBX04037	cellular organisms; Bacteria; Proteobacteria; Gammaproteobacteria; Pasteurellales; Pasteurellaceae; Gallibacterium
170	Gallibacterium anatis | KGQ49205	cellular organisms; Bacteria; Proteobacteria; Gammaproteobacteria; Pasteurellales; Pasteurellaceae; Gallibacterium; Gallibacterium anatis
171	Gallibacterium salpingitidis | OBW95407	cellular organisms; Bacteria; Proteobacteria; Gammaproteobacteria; Pasteurellales; Pasteurellaceae; Gallibacterium; Gallibacterium salpingitidis
172	Haemophilus parasuis ZJ0906 | AGO15538	cellular organisms; Bacteria; Proteobacteria; Gammaproteobacteria; Pasteurellales; Pasteurellaceae; Glaesserella; Glaesserella parasuis
173	[Haemophilus] ducreyi | ANF68358	cellular organisms; Bacteria; Proteobacteria; Gammaproteobacteria; Pasteurellales; Pasteurellaceae; Haemophilus
174	Haemophilus haemolyticus | OBX40021	cellular organisms; Bacteria; Proteobacteria; Gammaproteobacteria; Pasteurellales; Pasteurellaceae; Haemophilus; Haemophilus haemolyticus
175	Haemophilus influenzae | OLV24432	cellular organisms; Bacteria; Proteobacteria; Gammaproteobacteria; Pasteurellales; Pasteurellaceae; Haemophilus; Haemophilus influenzae
176	Haemophilus parahaemolyticus HK385 | EIJ70284	cellular organisms; Bacteria; Proteobacteria; Gammaproteobacteria; Pasteurellales; Pasteurellaceae; Haemophilus; Haemophilus parahaemolyticus
177	Haemophilus parainfluenzae T3T1 | CBW14187	cellular organisms; Bacteria; Proteobacteria; Gammaproteobacteria; Pasteurellales; Pasteurellaceae; Haemophilus; Haemophilus parainfluenzae
178	Haemophilus pittmaniae HK 85 | EGV07295	cellular organisms; Bacteria; Proteobacteria; Gammaproteobacteria; Pasteurellales; Pasteurellaceae; Haemophilus; Haemophilus pittmaniae
179	Haemophilus quentini | ORC38632	cellular organisms; Bacteria; Proteobacteria; Gammaproteobacteria; Pasteurellales; Pasteurellaceae; Haemophilus; Haemophilus quentini
180	Mannheimia haemolytica MhSwine2000 | EPZ30105	cellular organisms; Bacteria; Proteobacteria; Gammaproteobacteria; Pasteurellales; Pasteurellaceae; Mannheimia; Mannheimia haemolytica
181	Mannheimia varigena USDA-ARS-USMARC-1388 | AHG80235	cellular organisms; Bacteria; Proteobacteria; Gammaproteobacteria; Pasteurellales; Pasteurellaceae; Mannheimia; Mannheimia varigena
182	[Actinobacillus] muris | KMK51414	cellular organisms; Bacteria; Proteobacteria; Gammaproteobacteria; Pasteurellales; Pasteurellaceae; Muribacter
183	Pasteurella bettyae CCUG 2042 | EIJ68135	cellular organisms; Bacteria; Proteobacteria; Gammaproteobacteria; Pasteurellales; Pasteurellaceae; Pasteurella; Pasteurella bettyae
184	Pasteurella dagmatis ATCC 43325 | EEX50874	cellular organisms; Bacteria; Proteobacteria; Gammaproteobacteria; Pasteurellales; Pasteurellaceae; Pasteurella; Pasteurella dagmatis
185	Pasteurella multocida subsp. multocida OH4807 | AKD38006	cellular organisms; Bacteria; Proteobacteria; Gammaproteobacteria; Pasteurellales; Pasteurellaceae; Pasteurella; Pasteurella multocida; Pasteurella multocida subsp. multocida
186	Pasteurella multocida subsp. multocida PMTB2.1 | AMM82090	cellular organisms; Bacteria; Proteobacteria; Gammaproteobacteria; Pasteurellales; Pasteurellaceae; Pasteurella; Pasteurella multocida; Pasteurella multocida subsp. multocida
187	Rodentibacter pneumotropicus | OOF77428	cellular organisms; Bacteria; Proteobacteria; Gammaproteobacteria; Pasteurellales; Pasteurellaceae; Rodentibacter; Rodentibacter pneumotropicus
188	Aliivibrio sp. 1S128 | OCH15260	cellular organisms; Bacteria; Proteobacteria; Gammaproteobacteria; Vibrionales; Vibrionaceae; Aliivibrio
189	Aliivibrio fischeri | OCH36758	cellular organisms; Bacteria; Proteobacteria; Gammaproteobacteria; Vibrionales; Vibrionaceae; Aliivibrio; Aliivibrio fischeri
190	Aliivibrio salmonicida LFI1238 | CAQ79682	cellular organisms; Bacteria; Proteobacteria; Gammaproteobacteria; Vibrionales; Vibrionaceae; Aliivibrio; Aliivibrio salmonicida
191	Aliivibrio wodanis | CED71715	cellular organisms; Bacteria; Proteobacteria; Gammaproteobacteria; Vibrionales; Vibrionaceae; Aliivibrio; Aliivibrio wodanis
192	Grimontia sp. AD028 | KKD58667	cellular organisms; Bacteria; Proteobacteria; Gammaproteobacteria; Vibrionales; Vibrionaceae; Grimontia
193	Photobacterium gaetbulicola Gung47 | AJR09113	cellular organisms; Bacteria; Proteobacteria; Gammaproteobacteria; Vibrionales; Vibrionaceae; Photobacterium; Photobacterium gaetbulicola
194	Photobacterium ganghwense | KLV11507	cellular organisms; Bacteria; Proteobacteria; Gammaproteobacteria; Vibrionales; Vibrionaceae; Photobacterium; Photobacterium ganghwense
195	Photobacterium jeanii | OAN13844	cellular organisms; Bacteria; Proteobacteria; Gammaproteobacteria; Vibrionales; Vibrionaceae; Photobacterium; Photobacterium jeanii
196	Photobacterium profundum SS9 | CAG19669	cellular organisms; Bacteria; Proteobacteria; Gammaproteobacteria; Vibrionales; Vibrionaceae; Photobacterium; Photobacterium profundum
197	Photobacterium swingsii | KMV28683	cellular organisms; Bacteria; Proteobacteria; Gammaproteobacteria; Vibrionales; Vibrionaceae; Photobacterium; Photobacterium swingsii
198	Vibrio sp. JCM 18904 | GAJ72523	cellular organisms; Bacteria; Proteobacteria; Gammaproteobacteria; Vibrionales; Vibrionaceae; Vibrio
199	Vibrio sp. JCM 18905 | GAJ77558	cellular organisms; Bacteria; Proteobacteria; Gammaproteobacteria; Vibrionales; Vibrionaceae; Vibrio
200	Vibrio sp. UCD-FRSSP16_30 | OBT13250	cellular organisms; Bacteria; Proteobacteria; Gammaproteobacteria; Vibrionales; Vibrionaceae; Vibrio
201	Vibrio breoganii | OCH76762	cellular organisms; Bacteria; Proteobacteria; Gammaproteobacteria; Vibrionales; Vibrionaceae; Vibrio; Vibrio breoganii
202	Vibrio coralliilyticus | AIU67550	cellular organisms; Bacteria; Proteobacteria; Gammaproteobacteria; Vibrionales; Vibrionaceae; Vibrio; Vibrio coralliilyticus
203	Vibrio crassostreae | CDT71963	cellular organisms; Bacteria; Proteobacteria; Gammaproteobacteria; Vibrionales; Vibrionaceae; Vibrio; Vibrio crassostreae
204	Vibrio cyclitrophicus | OCH55500	cellular organisms; Bacteria; Proteobacteria; Gammaproteobacteria; Vibrionales; Vibrionaceae; Vibrio; Vibrio cyclitrophicus
205	Vibrio fortis | KDN30261	cellular organisms; Bacteria; Proteobacteria; Gammaproteobacteria; Vibrionales; Vibrionaceae; Vibrio; Vibrio fortis
206	Vibrio harveyi | KVI26599	cellular organisms; Bacteria; Proteobacteria; Gammaproteobacteria; Vibrionales; Vibrionaceae; Vibrio; Vibrio harveyi group
207	Vibrio parahaemolyticus | KYZ29934	cellular organisms; Bacteria; Proteobacteria; Gammaproteobacteria; Vibrionales; Vibrionaceae; Vibrio; Vibrio harveyi group
208	Vibrio ishigakensis | GAM75049	cellular organisms; Bacteria; Proteobacteria; Gammaproteobacteria; Vibrionales; Vibrionaceae; Vibrio; Vibrio ishigakensis
209	Vibrio mimicus MB-451 | EEY38778	cellular organisms; Bacteria; Proteobacteria; Gammaproteobacteria; Vibrionales; Vibrionaceae; Vibrio; Vibrio mimicus
210	Vibrio nereis | KOO03893	cellular organisms; Bacteria; Proteobacteria; Gammaproteobacteria; Vibrionales; Vibrionaceae; Vibrio; Vibrio nereis
211	Vibrio brasiliensis LMG 20546 | EGA67375	cellular organisms; Bacteria; Proteobacteria; Gammaproteobacteria; Vibrionales; Vibrionaceae; Vibrio; Vibrio oreintalis group; Vibrio brasiliensis
212	Vibrio orientalis CIP 102891 = ATCC 33934 | EGU45135	cellular organisms; Bacteria; Proteobacteria; Gammaproteobacteria; Vibrionales; Vibrionaceae; Vibrio; Vibrio oreintalis group; Vibrio orientalis
213	Vibrio sinaloensis DSM 21326 | EGA69370	cellular organisms; Bacteria; Proteobacteria; Gammaproteobacteria; Vibrionales; Vibrionaceae; Vibrio; Vibrio oreintalis group; Vibrio sinaloensis
214	Vibrio tubiashii ATCC 19109 | AIW13430	cellular organisms; Bacteria; Proteobacteria; Gammaproteobacteria; Vibrionales; Vibrionaceae; Vibrio; Vibrio oreintalis group; Vibrio tubiashii
215	Vibrio scophthalmi | ANU35781	cellular organisms; Bacteria; Proteobacteria; Gammaproteobacteria; Vibrionales; Vibrionaceae; Vibrio; Vibrio scophthalmi
216	Vibrio shilonii AK1 | EDL52088	cellular organisms; Bacteria; Proteobacteria; Gammaproteobacteria; Vibrionales; Vibrionaceae; Vibrio; Vibrio shilonii
217	Vibrio vulnificus | OJI38126	cellular organisms; Bacteria; Proteobacteria; Gammaproteobacteria; Vibrionales; Vibrionaceae; Vibrio; Vibrio vulnificus
218	Bdellovibrio bacteriovorus HD100 | CAE80607	cellular organisms; Bacteria; Proteobacteria; Oligoflexia; Bdellovibrionales; Bdellovibrionaceae; Bdellovibrio; Bdellovibrio bacteriovorus
219	Desulfobulbus propionicus DSM 2032 | ADW18125	cellular organisms; Bacteria; Proteobacteria; delta/epsilon subdivisions; Deltaproteobacteria; Desulfobacterales; Desulfobulbaceae; Desulfobulbus; Desulfobulbus propionicus
220	Desulfotalea psychrophila LSv54 | CAG35073	cellular organisms; Bacteria; Proteobacteria; delta/epsilon subdivisions; Deltaproteobacteria; Desulfobacterales; Desulfobulbaceae; Desulfotalea; Desulfotalea psychrophila
221	Desulfobacterales bacterium SG8_35 | KPJ98138	cellular organisms; Bacteria; Proteobacteria; delta/epsilon subdivisions; Deltaproteobacteria; Desulfobacterales; unclassified Desulfobacterales
222	Desulfobacterales bacterium SG8_35_2 | KPK22358	cellular organisms; Bacteria; Proteobacteria; delta/epsilon subdivisions; Deltaproteobacteria; Desulfobacterales; unclassified Desulfobacterales
223	Desulfobacterales bacterium SG8_35_2 | KPK25303	cellular organisms; Bacteria; Proteobacteria; delta/epsilon subdivisions; Deltaproteobacteria; Desulfobacterales; unclassified Desulfobacterales
224	Desulfonatronospira thiodismutans ASO3-1 | EFI35591	cellular organisms; Bacteria; Proteobacteria; delta/epsilon subdivisions; Deltaproteobacteria; Desulfovibrionales; Desulfohalobiaceae; Desulfonatronospira; Desulfonatronospira thiodismutans
225	Desulfomicrobium baculatum DSM 4028 | ACU90182	cellular organisms; Bacteria; Proteobacteria; delta/epsilon subdivisions; Deltaproteobacteria; Desulfovibrionales; Desulfomicrobiaceae; Desulfomicrobium; Desulfomicrobium baculatum
226	Desulfomicrobium orale DSM 12838 | AMD93858	cellular organisms; Bacteria; Proteobacteria; delta/epsilon subdivisions; Deltaproteobacteria; Desulfovibrionales; Desulfomicrobiaceae; Desulfomicrobium; Desulfomicrobium orale
227	Bilophila wadsworthia 3_1_6 | EFV45402	cellular organisms; Bacteria; Proteobacteria; delta/epsilon subdivisions; Deltaproteobacteria; Desulfovibrionales; Desulfovibrionaceae; Bilophila; Bilophila wadsworthia
228	Desulfovibrio fairfieldensis | AMD91097	cellular organisms; Bacteria; Proteobacteria; delta/epsilon subdivisions; Deltaproteobacteria; Desulfovibrionales; Desulfovibrionaceae; Desulfovibrio
229	Desulfovibrio sp. A2 | EGY24884	cellular organisms; Bacteria; Proteobacteria; delta/epsilon subdivisions; Deltaproteobacteria; Desulfovibrionales; Desulfovibrionaceae; Desulfovibrio
230	Desulfovibrio sp. A2 | EGY26060	cellular organisms; Bacteria; Proteobacteria; delta/epsilon subdivisions; Deltaproteobacteria; Desulfovibrionales; Desulfovibrionaceae; Desulfovibrio
231	Desulfovibrio sp. TomC | KHK02576	cellular organisms; Bacteria; Proteobacteria; delta/epsilon subdivisions; Deltaproteobacteria; Desulfovibrionales; Desulfovibrionaceae; Desulfovibrio
232	Desulfovibrio piger | OLA83771	cellular organisms; Bacteria; Proteobacteria; delta/epsilon subdivisions; Deltaproteobacteria; Desulfovibrionales; Desulfovibrionaceae; Desulfovibrio
233	Desulfovibrio africanus str. Walvis Bay | EGJ49391	cellular organisms; Bacteria; Proteobacteria; delta/epsilon subdivisions; Deltaproteobacteria; Desulfovibrionales; Desulfovibrionaceae; Desulfovibrio; Desulfovibrio africanus
234	Desulfovibrio desulfuricans subsp. desulfuricans str. ATCC 27774 | CAC87646	cellular organisms; Bacteria; Proteobacteria; delta/epsilon subdivisions; Deltaproteobacteria; Desulfovibrionales; Desulfovibrionaceae; Desulfovibrio; Desulfovibrio desulfuricans; Desulfovibrio desulfuricans subsp. desulfuricans
235	Desulfovibrio magneticus RS-1 | BAH74143	cellular organisms; Bacteria; Proteobacteria; delta/epsilon subdivisions; Deltaproteobacteria; Desulfovibrionales; Desulfovibrionaceae; Desulfovibrio; Desulfovibrio magneticus
236	Desulfovibrio salexigens DSM 2638 | ACS78816	cellular organisms; Bacteria; Proteobacteria; delta/epsilon subdivisions; Deltaproteobacteria; Desulfovibrionales; Desulfovibrionaceae; Desulfovibrio; Desulfovibrio salexigens
237	Desulfovibrio vulgaris str. Hildenborough | AAS95106	cellular organisms; Bacteria; Proteobacteria; delta/epsilon subdivisions; Deltaproteobacteria; Desulfovibrionales; Desulfovibrionaceae; Desulfovibrio; Desulfovibrio vulgaris
238	Desulfovibrio vulgaris str. 'Miyazaki F' | ACL08438	cellular organisms; Bacteria; Proteobacteria; delta/epsilon subdivisions; Deltaproteobacteria; Desulfovibrionales; Desulfovibrionaceae; Desulfovibrio; Desulfovibrio vulgaris
239	Lawsonia intracellularis | OMQ02903	cellular organisms; Bacteria; Proteobacteria; delta/epsilon subdivisions; Deltaproteobacteria; Desulfovibrionales; Desulfovibrionaceae; Lawsonia
240	Desulfovibrio aespoeensis Aspo-2 | ADU64245	cellular organisms; Bacteria; Proteobacteria; delta/epsilon subdivisions; Deltaproteobacteria; Desulfovibrionales; Desulfovibrionaceae; Pseudodesulfovibrio; Pseudodesulfovibrio aespoeensis
241	Desulfuromonas sp. WTL | ALC14950	cellular organisms; Bacteria; Proteobacteria; delta/epsilon subdivisions; Deltaproteobacteria; Desulfuromonadales; Desulfuromonadaceae; Desulfuromonas
242	Desulfuromonas acetoxidans DSM 684 | EAT15143	cellular organisms; Bacteria; Proteobacteria; delta/epsilon subdivisions; Deltaproteobacteria; Desulfuromonadales; Desulfuromonadaceae; Desulfuromonas; Desulfuromonas acetoxidans
243	Pelobacter propionicus DSM 2379 | ABK98821	cellular organisms; Bacteria; Proteobacteria; delta/epsilon subdivisions; Deltaproteobacteria; Desulfuromonadales; Desulfuromonadaceae; Pelobacter; Pelobacter propionicus
244	Pelobacter propionicus DSM 2379 | ABL01296	cellular organisms; Bacteria; Proteobacteria; delta/epsilon subdivisions; Deltaproteobacteria; Desulfuromonadales; Desulfuromonadaceae; Pelobacter; Pelobacter propionicus
245	Geoalkalibacter subterraneus | AJF07045	cellular organisms; Bacteria; Proteobacteria; delta/epsilon subdivisions; Deltaproteobacteria; Desulfuromonadales; Geobacteraceae; Geoalkalibacter
246	Geobacter sp. M21 | ACT17356	cellular organisms; Bacteria; Proteobacteria; delta/epsilon subdivisions; Deltaproteobacteria; Desulfuromonadales; Geobacteraceae; Geobacter
247	Geobacter sp. M21 | ACT18202	cellular organisms; Bacteria; Proteobacteria; delta/epsilon subdivisions; Deltaproteobacteria; Desulfuromonadales; Geobacteraceae; Geobacter
248	Geobacter sp. M18 | ADW13604	cellular organisms; Bacteria; Proteobacteria; delta/epsilon subdivisions; Deltaproteobacteria; Desulfuromonadales; Geobacteraceae; Geobacter
249	Geobacter sp. M18 | ADW14260	cellular organisms; Bacteria; Proteobacteria; delta/epsilon subdivisions; Deltaproteobacteria; Desulfuromonadales; Geobacteraceae; Geobacter
250	Geobacter pickeringii | AJE02290	cellular organisms; Bacteria; Proteobacteria; delta/epsilon subdivisions; Deltaproteobacteria; Desulfuromonadales; Geobacteraceae; Geobacter
251	Geobacter pickeringii | AJE02293	cellular organisms; Bacteria; Proteobacteria; delta/epsilon subdivisions; Deltaproteobacteria; Desulfuromonadales; Geobacteraceae; Geobacter
252	Geobacter sulfurreducens | AJY69393	cellular organisms; Bacteria; Proteobacteria; delta/epsilon subdivisions; Deltaproteobacteria; Desulfuromonadales; Geobacteraceae; Geobacter
253	Geobacter anodireducens | ANA41308	cellular organisms; Bacteria; Proteobacteria; delta/epsilon subdivisions; Deltaproteobacteria; Desulfuromonadales; Geobacteraceae; Geobacter
254	Geobacter lovleyi SZ | ACD93942	cellular organisms; Bacteria; Proteobacteria; delta/epsilon subdivisions; Deltaproteobacteria; Desulfuromonadales; Geobacteraceae; Geobacter; Geobacter lovleyi
255	Geobacter lovleyi SZ | ACD94765	cellular organisms; Bacteria; Proteobacteria; delta/epsilon subdivisions; Deltaproteobacteria; Desulfuromonadales; Geobacteraceae; Geobacter; Geobacter lovleyi
256	Geobacter uraniireducens Rf4 | ABQ24877	cellular organisms; Bacteria; Proteobacteria; delta/epsilon subdivisions; Deltaproteobacteria; Desulfuromonadales; Geobacteraceae; Geobacter; Geobacter uraniireducens
257	Anaeromyxobacter sp. Fw109-5 | ABS25164	cellular organisms; Bacteria; Proteobacteria; delta/epsilon subdivisions; Deltaproteobacteria; Myxococcales; Cystobacterineae; Anaeromyxobacteraceae; Anaeromyxobacter
258	Anaeromyxobacter sp. Fw109-5 | ABS25173	cellular organisms; Bacteria; Proteobacteria; delta/epsilon subdivisions; Deltaproteobacteria; Myxococcales; Cystobacterineae; Anaeromyxobacteraceae; Anaeromyxobacter
259	Anaeromyxobacter sp. PSR-1 | GAO01678	cellular organisms; Bacteria; Proteobacteria; delta/epsilon subdivisions; Deltaproteobacteria; Myxococcales; Cystobacterineae; Anaeromyxobacteraceae; Anaeromyxobacter
260	Anaeromyxobacter dehalogenans 2CP-C | ABC80685	cellular organisms; Bacteria; Proteobacteria; delta/epsilon subdivisions; Deltaproteobacteria; Myxococcales; Cystobacterineae; Anaeromyxobacteraceae; Anaeromyxobacter; Anaeromyxobacter dehalogenans
261	Archangium gephyra | AKI98892	cellular organisms; Bacteria; Proteobacteria; delta/epsilon subdivisions; Deltaproteobacteria; Myxococcales; Cystobacterineae; Archangiaceae; Archangium
262	Corallococcus coralloides DSM 2259 | AFE09641	cellular organisms; Bacteria; Proteobacteria; delta/epsilon subdivisions; Deltaproteobacteria; Myxococcales; Cystobacterineae; Myxococcaceae; Corallococcus; Corallococcus coralloides
263	Myxococcus fulvus HW-1 | AEI65657	cellular organisms; Bacteria; Proteobacteria; delta/epsilon subdivisions; Deltaproteobacteria; Myxococcales; Cystobacterineae; Myxococcaceae; Myxococcus; Myxococcus fulvus
264	Myxococcus stipitatus DSM 14675 | AGC47079	cellular organisms; Bacteria; Proteobacteria; delta/epsilon subdivisions; Deltaproteobacteria; Myxococcales; Cystobacterineae; Myxococcaceae; Myxococcus; Myxococcus stipitatus
265	Myxococcus xanthus DK 1622 | ABF86439	cellular organisms; Bacteria; Proteobacteria; delta/epsilon subdivisions; Deltaproteobacteria; Myxococcales; Cystobacterineae; Myxococcaceae; Myxococcus; Myxococcus xanthus
266	Vulgatibacter incomptus | AKU92075	cellular organisms; Bacteria; Proteobacteria; delta/epsilon subdivisions; Deltaproteobacteria; Myxococcales; Cystobacterineae; Vulgatibacteraceae; Vulgatibacter
267	Sorangium cellulosum So ce56 | CAN91595	cellular organisms; Bacteria; Proteobacteria; delta/epsilon subdivisions; Deltaproteobacteria; Myxococcales; Sorangiineae; Polyangiaceae; Sorangium; Sorangium cellulosum
268	Syntrophus aciditrophicus SB | ABC78708	cellular organisms; Bacteria; Proteobacteria; delta/epsilon subdivisions; Deltaproteobacteria; Syntrophobacterales; Syntrophaceae; Syntrophus; Syntrophus aciditrophicus
269	Syntrophobacter fumaroxidans MPOB | ABK18079	cellular organisms; Bacteria; Proteobacteria; delta/epsilon subdivisions; Deltaproteobacteria; Syntrophobacterales; Syntrophobacteraceae; Syntrophobacter; Syntrophobacter fumaroxidans
270	Arcobacter butzleri L355 | KLE09325	cellular organisms; Bacteria; Proteobacteria; delta/epsilon subdivisions; Epsilonproteobacteria; Campylobacterales; Campylobacteraceae; Arcobacter; Arcobacter butzleri
271	Campylobacter fetus subsp. fetus | CZE50512	cellular organisms; Bacteria; Proteobacteria; delta/epsilon subdivisions; Epsilonproteobacteria; Campylobacterales; Campylobacteraceae; Campylobacter
272	Campylobacter coli CVM N29710 | AGV09538	cellular organisms; Bacteria; Proteobacteria; delta/epsilon subdivisions; Epsilonproteobacteria; Campylobacterales; Campylobacteraceae; Campylobacter; Campylobacter coli
273	Campylobacter fetus subsp. fetus 82-40 | ABK81999	cellular organisms; Bacteria; Proteobacteria; delta/epsilon subdivisions; Epsilonproteobacteria; Campylobacterales; Campylobacteraceae; Campylobacter; Campylobacter fetus; Campylobacter fetus subsp. fetus
274	Campylobacter fetus subsp. testudinum Sp3 | ALV65245	cellular organisms; Bacteria; Proteobacteria; delta/epsilon subdivisions; Epsilonproteobacteria; Campylobacterales; Campylobacteraceae; Campylobacter; Campylobacter fetus; Campylobacter fetus subsp. testudinum
275	Campylobacter insulaenigrae NCTC 12927 | AJC87951	cellular organisms; Bacteria; Proteobacteria; delta/epsilon subdivisions; Epsilonproteobacteria; Campylobacterales; Campylobacteraceae; Campylobacter; Campylobacter insulaenigrae
276	Campylobacter jejuni subsp. jejuni 414 | EFC32240	cellular organisms; Bacteria; Proteobacteria; delta/epsilon subdivisions; Epsilonproteobacteria; Campylobacterales; Campylobacteraceae; Campylobacter; Campylobacter jejuni; Campylobacter jejuni subsp. jejuni
277	Campylobacter lari subsp. concheus LMG 11760 | AJC89386	cellular organisms; Bacteria; Proteobacteria; delta/epsilon subdivisions; Epsilonproteobacteria; Campylobacterales; Campylobacteraceae; Campylobacter; Campylobacter lari; Campylobacter lari subsp. concheus
278	Campylobacter peloridis LMG 23910 | AJC84944	cellular organisms; Bacteria; Proteobacteria; delta/epsilon subdivisions; Epsilonproteobacteria; Campylobacterales; Campylobacteraceae; Campylobacter; Campylobacter peloridis
279	Campylobacter upsaliensis RM3195 | EAL52465	cellular organisms; Bacteria; Proteobacteria; delta/epsilon subdivisions; Epsilonproteobacteria; Campylobacterales; Campylobacteraceae; Campylobacter; Campylobacter upsaliensis
280	Campylobacter volucris LMG 24379 | AJC94303	cellular organisms; Bacteria; Proteobacteria; delta/epsilon subdivisions; Epsilonproteobacteria; Campylobacterales; Campylobacteraceae; Campylobacter; Campylobacter volucris
281	Sulfurospirillum barnesii SES-3 | AFL68078	cellular organisms; Bacteria; Proteobacteria; delta/epsilon subdivisions; Epsilonproteobacteria; Campylobacterales; Campylobacteraceae; Sulfurospirillum; Sulfurospirillum barnesii
282	Sulfurospirillum deleyianum DSM 6946 | ACZ11742	cellular organisms; Bacteria; Proteobacteria; delta/epsilon subdivisions; Epsilonproteobacteria; Campylobacterales; Campylobacteraceae; Sulfurospirillum; Sulfurospirillum deleyianum
283	Sulfurospirillum multivorans DSM 12446 | AHJ12157	cellular organisms; Bacteria; Proteobacteria; delta/epsilon subdivisions; Epsilonproteobacteria; Campylobacterales; Campylobacteraceae; Sulfurospirillum; Sulfurospirillum multivorans
284	Sulfurospirillum multivorans DSM 12446 | AHJ13423	cellular organisms; Bacteria; Proteobacteria; delta/epsilon subdivisions; Epsilonproteobacteria; Campylobacterales; Campylobacteraceae; Sulfurospirillum; Sulfurospirillum multivorans
285	Helicobacter typhlonius | CUU39673	cellular organisms; Bacteria; Proteobacteria; delta/epsilon subdivisions; Epsilonproteobacteria; Campylobacterales; Helicobacteraceae; Helicobacter
286	Helicobacter pullorum | KPH55278	cellular organisms; Bacteria; Proteobacteria; delta/epsilon subdivisions; Epsilonproteobacteria; Campylobacterales; Helicobacteraceae; Helicobacter
287	Helicobacter cinaedi CCUG 18818 = ATCC BAA-847 | BAM31877	cellular organisms; Bacteria; Proteobacteria; delta/epsilon subdivisions; Epsilonproteobacteria; Campylobacterales; Helicobacteraceae; Helicobacter; Helicobacter cinaedi
288	Helicobacter fennelliae MRY12-0050 | GAD19739	cellular organisms; Bacteria; Proteobacteria; delta/epsilon subdivisions; Epsilonproteobacteria; Campylobacterales; Helicobacteraceae; Helicobacter; Helicobacter fennelliae
289	Helicobacter mustelae 12198 | CBG40141	cellular organisms; Bacteria; Proteobacteria; delta/epsilon subdivisions; Epsilonproteobacteria; Campylobacterales; Helicobacteraceae; Helicobacter; Helicobacter mustelae
290	Wolinella succinogenes | CAB53160	cellular organisms; Bacteria; Proteobacteria; delta/epsilon subdivisions; Epsilonproteobacteria; Campylobacterales; Helicobacteraceae; Wolinella
291	Actinomyces sp. oral taxon 448 str. F0400 | EGQ74852	cellular organisms; Bacteria; Terrabacteria group; Actinobacteria; Actinobacteria; Actinomycetales; Actinomycetaceae; Actinomyces; Actinomyces sp. oral taxon 448
292	Arcanobacterium haemolyticum DSM 20595 | ADH93176	cellular organisms; Bacteria; Terrabacteria group; Actinobacteria; Actinobacteria; Actinomycetales; Actinomycetaceae; Arcanobacterium; Arcanobacterium haemolyticum
293	Corynebacterium pseudotuberculosis | AIG06059	cellular organisms; Bacteria; Terrabacteria group; Actinobacteria; Actinobacteria; Corynebacteriales; Corynebacteriaceae; Corynebacterium
294	Corynebacterium ulcerans | AIU92581	cellular organisms; Bacteria; Terrabacteria group; Actinobacteria; Actinobacteria; Corynebacteriales; Corynebacteriaceae; Corynebacterium
295	Mobilicoccus pelagius NBRC 104925 | GAB48599	cellular organisms; Bacteria; Terrabacteria group; Actinobacteria; Actinobacteria; Micrococcales; Dermatophilaceae; Mobilicoccus; Mobilicoccus pelagius
296	Intrasporangium calvum DSM 43043 | ADU48379	cellular organisms; Bacteria; Terrabacteria group; Actinobacteria; Actinobacteria; Micrococcales; Intrasporangiaceae; Intrasporangium; Intrasporangium calvum
297	Propionibacterium propionicum F0230a | AFN46584	cellular organisms; Bacteria; Terrabacteria group; Actinobacteria; Actinobacteria; Propionibacteriales; Propionibacteriaceae; Pseudopropionibacterium; Pseudopropionibacterium propionicum
298	Armatimonadetes bacterium OLB18 | KXK11852	cellular organisms; Bacteria; Terrabacteria group; Armatimonadetes; unclassified Armatimonadetes
299	Anaerolinea thermophila UNI-1 | BAJ64932	cellular organisms; Bacteria; Terrabacteria group; Chloroflexi; Anaerolineae; Anaerolineales; Anaerolineaceae; Anaerolinea; Anaerolinea thermophila
300	Bellilinea caldifistulae | KPL75251	cellular organisms; Bacteria; Terrabacteria group; Chloroflexi; Anaerolineae; Anaerolineales; Anaerolineaceae; Bellilinea
301	Levilinea saccharolytica | KPL88093	cellular organisms; Bacteria; Terrabacteria group; Chloroflexi; Anaerolineae; Anaerolineales; Anaerolineaceae; Levilinea
302	Thermanaerothrix daxensis | KPL82064	cellular organisms; Bacteria; Terrabacteria group; Chloroflexi; Anaerolineae; Anaerolineales; Anaerolineaceae; Thermanaerothrix
303	Ardenticatena | CUS03143	cellular organisms; Bacteria; Terrabacteria group; Chloroflexi; Ardenticatenia; Ardenticatenales; Ardenticatenaceae; Candidatus Promineofilum
304	Caldilinea aerophila DSM 14535 = NBRC 104270 | BAM00537	cellular organisms; Bacteria; Terrabacteria group; Chloroflexi; Caldilineae; Caldilineales; Caldilineaceae; Caldilinea; Caldilinea aerophila
305	Oscillochloris trichoides DG6 | EFO81442	cellular organisms; Bacteria; Terrabacteria group; Chloroflexi; Chloroflexia; Chloroflexales; Chloroflexineae; Oscillochloridaceae; Oscillochloris; Oscillochloris trichoides
306	Chloroflexi bacterium OLB13 | KXK52478	cellular organisms; Bacteria; Terrabacteria group; Chloroflexi; unclassified Chloroflexi; unclassified Chloroflexi (miscellaneous)
307	Meiothermus silvanus DSM 9946 | ADH63855	cellular organisms; Bacteria; Terrabacteria group; Deinococcus-Thermus; Deinococci; Thermales; Thermaceae; Meiothermus; Meiothermus silvanus
308	Thermus oshimai JL-2 | AFV75244	cellular organisms; Bacteria; Terrabacteria group; Deinococcus-Thermus; Deinococci; Thermales; Thermaceae; Thermus; Thermus oshimai
309	Bacillus sp. 1NLA3E | AGK55277	cellular organisms; Bacteria; Terrabacteria group; Firmicutes; Bacilli; Bacillales; Bacillaceae; Bacillus
310	Bacillus selenitireducens MLS10 | ADH98815	cellular organisms; Bacteria; Terrabacteria group; Firmicutes; Bacilli; Bacillales; Sporolactobacillaceae; unclassified Sporolactobacillaceae; [Bacillus] selenitireducens
311	Bacillus selenitireducens MLS10 | ADH98817	cellular organisms; Bacteria; Terrabacteria group; Firmicutes; Bacilli; Bacillales; Sporolactobacillaceae; unclassified Sporolactobacillaceae; [Bacillus] selenitireducens
312	Heliobacterium modesticaldum Ice1 | ABZ83044	cellular organisms; Bacteria; Terrabacteria group; Firmicutes; Clostridia; Clostridiales; Heliobacteriaceae; Heliobacterium; Heliobacterium modesticaldum
313	Desulfitobacterium dehalogenans ATCC 51507 | AFM01344	cellular organisms; Bacteria; Terrabacteria group; Firmicutes; Clostridia; Clostridiales; Peptococcaceae; Desulfitobacterium; Desulfitobacterium dehalogenans
314	Desulfitobacterium dehalogenans ATCC 51507 | AFM01887	cellular organisms; Bacteria; Terrabacteria group; Firmicutes; Clostridia; Clostridiales; Peptococcaceae; Desulfitobacterium; Desulfitobacterium dehalogenans
315	Desulfitobacterium dichloroeliminans LMG P-21439 | AGA69012	cellular organisms; Bacteria; Terrabacteria group; Firmicutes; Clostridia; Clostridiales; Peptococcaceae; Desulfitobacterium; Desulfitobacterium dichloroeliminans
316	Desulfitobacterium dichloroeliminans LMG P-21439 | AGA70352	cellular organisms; Bacteria; Terrabacteria group; Firmicutes; Clostridia; Clostridiales; Peptococcaceae; Desulfitobacterium; Desulfitobacterium dichloroeliminans
317	Desulfitobacterium hafniense DCB-2 | ACL21648	cellular organisms; Bacteria; Terrabacteria group; Firmicutes; Clostridia; Clostridiales; Peptococcaceae; Desulfitobacterium; Desulfitobacterium hafniense
318	Desulfitobacterium hafniense DCB-2 | ACL22241	cellular organisms; Bacteria; Terrabacteria group; Firmicutes; Clostridia; Clostridiales; Peptococcaceae; Desulfitobacterium; Desulfitobacterium hafniense
319	Desulfosporosinus meridiei DSM 13257 | AFQ42833	cellular organisms; Bacteria; Terrabacteria group; Firmicutes; Clostridia; Clostridiales; Peptococcaceae; Desulfosporosinus; Desulfosporosinus meridiei
320	Desulfotomaculum gibsoniae DSM 7213 | AGL02367	cellular organisms; Bacteria; Terrabacteria group; Firmicutes; Clostridia; Clostridiales; Peptococcaceae; Desulfotomaculum; Desulfotomaculum gibsoniae
321	Desulfotomaculum nigrificans DSM 574 | EGB23783	cellular organisms; Bacteria; Terrabacteria group; Firmicutes; Clostridia; Clostridiales; Peptococcaceae; Desulfotomaculum; Desulfotomaculum nigrificans
322	Desulfotomaculum reducens MI-1 | ABO49240	cellular organisms; Bacteria; Terrabacteria group; Firmicutes; Clostridia; Clostridiales; Peptococcaceae; Desulfotomaculum; Desulfotomaculum reducens
323	Thermincola potens JR | ADG82062	cellular organisms; Bacteria; Terrabacteria group; Firmicutes; Clostridia; Clostridiales; Peptococcaceae; Thermincola; Thermincola potens
324	Symbiobacterium thermophilum IAM 14863 | BAD39714	cellular organisms; Bacteria; Terrabacteria group; Firmicutes; Clostridia; Clostridiales; Symbiobacteriaceae; Symbiobacterium; Symbiobacterium thermophilum
325	Syntrophomonas wolfei subsp. wolfei str. Goettingen G311 | ABI68824	cellular organisms; Bacteria; Terrabacteria group; Firmicutes; Clostridia; Clostridiales; Syntrophomonadaceae; Syntrophomonas; Syntrophomonas wolfei; Syntrophomonas wolfei subsp. wolfei
326	Syntrophomonas zehnderi OL-4 | CFX43160	cellular organisms; Bacteria; Terrabacteria group; Firmicutes; Clostridia; Clostridiales; Syntrophomonadaceae; Syntrophomonas; Syntrophomonas zehnderi
327	Clostridiales bacterium PH28_bin88 | KKM09540	cellular organisms; Bacteria; Terrabacteria group; Firmicutes; Clostridia; Clostridiales; unclassified Clostridiales; unclassified Clostridiales (miscellaneous)
328	Carboxydothermus hydrogenoformans Z-2901 | ABB13666	cellular organisms; Bacteria; Terrabacteria group; Firmicutes; Clostridia; Thermoanaerobacterales; Thermoanaerobacteraceae; Carboxydothermus; Carboxydothermus hydrogenoformans
329	Carboxydothermus hydrogenoformans Z-2901 | ABB13900	cellular organisms; Bacteria; Terrabacteria group; Firmicutes; Clostridia; Thermoanaerobacterales; Thermoanaerobacteraceae; Carboxydothermus; Carboxydothermus hydrogenoformans
330	Ammonifex degensii KC4 | ACX52972	cellular organisms; Bacteria; Terrabacteria group; Firmicutes; Clostridia; Thermoanaerobacterales; Thermoanaerobacteraceae; Moorella group; Ammonifex; Ammonifex degensii
331	Mitsuokella jalaludinii | CUN82407	cellular organisms; Bacteria; Terrabacteria group; Firmicutes; Negativicutes; Selenomonadales; Selenomonadaceae; Mitsuokella
332	Selenomonas sputigena ATCC 35185 | AEB99579	cellular organisms; Bacteria; Terrabacteria group; Firmicutes; Negativicutes; Selenomonadales; Selenomonadaceae; Selenomonas; Selenomonas sputigena
333	Acetonema longum DSM 6540 | EGO62737	cellular organisms; Bacteria; Terrabacteria group; Firmicutes; Negativicutes; Selenomonadales; Sporomusaceae; Acetonema; Acetonema longum
334	Pelosinus sp. UFO1 | AIF53584	cellular organisms; Bacteria; Terrabacteria group; Firmicutes; Negativicutes; Selenomonadales; Sporomusaceae; Pelosinus
335	Pelosinus fermentans JBW45 | AJQ28154	cellular organisms; Bacteria; Terrabacteria group; Firmicutes; Negativicutes; Selenomonadales; Sporomusaceae; Pelosinus; Pelosinus fermentans
336	Pelosinus fermentans JBW45 | EIW48007	cellular organisms; Bacteria; Terrabacteria group; Firmicutes; Negativicutes; Selenomonadales; Sporomusaceae; Pelosinus; Pelosinus fermentans
337	Thermosinus carboxydivorans Nor1 | EAX46312	cellular organisms; Bacteria; Terrabacteria group; Firmicutes; Negativicutes; Selenomonadales; Sporomusaceae; Thermosinus; Thermosinus carboxydivorans
338	Thermodesulfobacterium commune DSM 2178 | AIH03408	cellular organisms; Bacteria; Thermodesulfobacteria; Thermodesulfobacteria; Thermodesulfobacteriales; Thermodesulfobacteriaceae; Thermodesulfobacterium; Thermodesulfobacterium commune
339	bacterium BRH_c32 | KUO63373	cellular organisms; Bacteria; unclassified Bacteria; unclassified Bacteria (miscellaneous)
340	hydrocarbon metagenome | KUG25336	unclassified sequences; metagenomes; ecological metagenomes
341	hydrocarbon metagenome | KUG27378	unclassified sequences; metagenomes; ecological metagenomes
