1	Proteobacteria bacterium CAG:139 | CDA43154	cellular organisms; Bacteria
2	Acidobacteria bacterium Mor1 | ANM31379	cellular organisms; Bacteria; Acidobacteria; unclassified Acidobacteria; Acidobacteria subdivision 22
3	Thermoanaerobaculum aquaticum | KDA54266	cellular organisms; Bacteria; Acidobacteria; unclassified Acidobacteria; Acidobacteria subdivision 23; Thermoanaerobaculum
4	Hydrogenivirga sp. 128-5-R1-1 | EDP74437	cellular organisms; Bacteria; Aquificae; Aquificae; Aquificales; Aquificaceae; Hydrogenivirga
5	Thermosulfidibacter takaii ABI70S6 | BAT70885	cellular organisms; Bacteria; Aquificae; Aquificae; Aquificales; Aquificales genera incertae sedis; Thermosulfidibacter; Thermosulfidibacter takaii
6	Persephonella marina EX-H1 | ACO04785	cellular organisms; Bacteria; Aquificae; Aquificae; Aquificales; Hydrogenothermaceae; Persephonella; Persephonella marina
7	Sulfurihydrogenibium sp. YO3AOP1 | ACD66081	cellular organisms; Bacteria; Aquificae; Aquificae; Aquificales; Hydrogenothermaceae; Sulfurihydrogenibium
8	Calditerrivibrio nitroreducens DSM 19672 | ADR19776	cellular organisms; Bacteria; Deferribacteres; Deferribacteres; Deferribacterales; Deferribacteraceae; Calditerrivibrio; Calditerrivibrio nitroreducens
9	Deferribacter desulfuricans SSM1 | BAI81275	cellular organisms; Bacteria; Deferribacteres; Deferribacteres; Deferribacterales; Deferribacteraceae; Deferribacter; Deferribacter desulfuricans
10	Flexistipes sinusarabici DSM 4947 | AEI13972	cellular organisms; Bacteria; Deferribacteres; Deferribacteres; Deferribacterales; Deferribacteraceae; Flexistipes; Flexistipes sinusarabici
11	Mucispirillum schaedleri ASF457 | SIW08022	cellular organisms; Bacteria; Deferribacteres; Deferribacteres; Deferribacterales; Deferribacteraceae; Mucispirillum; Mucispirillum schaedleri
12	Rhodothermus marinus SG0.5JP17-172 | AEN72356	cellular organisms; Bacteria; FCB group; Bacteroidetes/Chlorobi group; Bacteroidetes; Bacteroidetes Order II. Incertae sedis; Rhodothermaceae; Rhodothermus; Rhodothermus marinus
13	Flammeovirga sp. MY04 | ANQ49114	cellular organisms; Bacteria; FCB group; Bacteroidetes/Chlorobi group; Bacteroidetes; Cytophagia; Cytophagales; Flammeovirgaceae; Flammeovirga
14	Flammeovirgaceae bacterium 311 | AHM58400	cellular organisms; Bacteria; FCB group; Bacteroidetes/Chlorobi group; Bacteroidetes; Cytophagia; Cytophagales; Flammeovirgaceae; unclassified Flammeovirgaceae
15	Aquimarina sp. 22II-S11-z7 | EZH74747	cellular organisms; Bacteria; FCB group; Bacteroidetes/Chlorobi group; Bacteroidetes; Flavobacteriia; Flavobacteriales; Flavobacteriaceae; Aquimarina
16	Zhouia amylolytica AD3 | ETN95990	cellular organisms; Bacteria; FCB group; Bacteroidetes/Chlorobi group; Bacteroidetes; Flavobacteriia; Flavobacteriales; Flavobacteriaceae; Zhouia; Zhouia amylolytica
17	Gemmatimonas sp. SG8_28 | KPK09519	cellular organisms; Bacteria; FCB group; Gemmatimonadetes; Gemmatimonadetes; Gemmatimonadales; Gemmatimonadaceae; Gemmatimonas
18	Nitrospina sp. SCGC_AAA799_A02 | KMP10636	cellular organisms; Bacteria; Nitrospinae/Tectomicrobia group; Nitrospinae; Nitrospinia; Nitrospinales; Nitrospinaceae; Nitrospina
19	Nitrospira sp. ENR4 | CUQ67876	cellular organisms; Bacteria; Nitrospirae; Nitrospira; Nitrospirales; Nitrospiraceae; Nitrospira
20	Rhodopirellula sp. K833 | KLU07580	cellular organisms; Bacteria; PVC group; Planctomycetes; Planctomycetia; Planctomycetales; Planctomycetaceae; Rhodopirellula
21	Rhodopirellula maiorica SM1 | EMI19927	cellular organisms; Bacteria; PVC group; Planctomycetes; Planctomycetia; Planctomycetales; Planctomycetaceae; Rhodopirellula; Rhodopirellula maiorica
22	Kiloniella sp. P1-1 | KKJ77425	cellular organisms; Bacteria; Proteobacteria; Alphaproteobacteria; Kiloniellales; Kiloniellaceae; Kiloniella
23	Magnetococcus marinus MC-1 | ABK44100	cellular organisms; Bacteria; Proteobacteria; Alphaproteobacteria; Magnetococcales; Magnetococcaceae; Magnetococcus; Magnetococcus marinus
24	Bradyrhizobium diazoefficiens SEMIA 5080 | KAK29675	cellular organisms; Bacteria; Proteobacteria; Alphaproteobacteria; Rhizobiales; Bradyrhizobiaceae; Bradyrhizobium; Bradyrhizobium diazoefficiens
25	Microvirga vignae | KLK93974	cellular organisms; Bacteria; Proteobacteria; Alphaproteobacteria; Rhizobiales; Methylobacteriaceae; Microvirga
26	Rhizobium sp. AC44/96 | OCJ14409	cellular organisms; Bacteria; Proteobacteria; Alphaproteobacteria; Rhizobiales; Rhizobiaceae; Rhizobium/Agrobacterium group; Rhizobium
27	Aliiroseovarius crassostreae | KPN63413	cellular organisms; Bacteria; Proteobacteria; Alphaproteobacteria; Rhodobacterales; Rhodobacteraceae; Aliiroseovarius
28	Labrenzia alba | CTQ64031	cellular organisms; Bacteria; Proteobacteria; Alphaproteobacteria; Rhodobacterales; Rhodobacteraceae; Labrenzia
29	Leisingera sp. JC1 | OBY25346	cellular organisms; Bacteria; Proteobacteria; Alphaproteobacteria; Rhodobacterales; Rhodobacteraceae; Leisingera
30	Ponticoccus sp. SJ5A-1 | KUF09196	cellular organisms; Bacteria; Proteobacteria; Alphaproteobacteria; Rhodobacterales; Rhodobacteraceae; Ponticoccus
31	Pseudovibrio sp. W64 | KZK86743	cellular organisms; Bacteria; Proteobacteria; Alphaproteobacteria; Rhodobacterales; Rhodobacteraceae; Pseudovibrio
32	Pseudovibrio sp. WM33 | KZL27424	cellular organisms; Bacteria; Proteobacteria; Alphaproteobacteria; Rhodobacterales; Rhodobacteraceae; Pseudovibrio
33	Rhodobacter sp. AKP1 | EKX59209	cellular organisms; Bacteria; Proteobacteria; Alphaproteobacteria; Rhodobacterales; Rhodobacteraceae; Rhodobacter
34	Salipiger mucosus DSM 16094 | EPX77942	cellular organisms; Bacteria; Proteobacteria; Alphaproteobacteria; Rhodobacterales; Rhodobacteraceae; Salipiger; Salipiger mucosus
35	Shimia sp. SK013 | KPA21942	cellular organisms; Bacteria; Proteobacteria; Alphaproteobacteria; Rhodobacterales; Rhodobacteraceae; Shimia
36	Azospirillum brasilense Sp245 | CCD03653	cellular organisms; Bacteria; Proteobacteria; Alphaproteobacteria; Rhodospirillales; Rhodospirillaceae; Azospirillum; Azospirillum brasilense
37	Azospirillum lipoferum 4B | CBS89848	cellular organisms; Bacteria; Proteobacteria; Alphaproteobacteria; Rhodospirillales; Rhodospirillaceae; Azospirillum; Azospirillum lipoferum
38	Caenispirillum salinarum AK4 | EKV29471	cellular organisms; Bacteria; Proteobacteria; Alphaproteobacteria; Rhodospirillales; Rhodospirillaceae; Caenispirillum; Caenispirillum salinarum
39	Caenispirillum salinarum AK4 | EKV31325	cellular organisms; Bacteria; Proteobacteria; Alphaproteobacteria; Rhodospirillales; Rhodospirillaceae; Caenispirillum; Caenispirillum salinarum
40	Magnetospira sp. QH-2 | CCQ73122	cellular organisms; Bacteria; Proteobacteria; Alphaproteobacteria; Rhodospirillales; Rhodospirillaceae; Magnetospira
41	Magnetospirillum sp. SO-1 | EME71444	cellular organisms; Bacteria; Proteobacteria; Alphaproteobacteria; Rhodospirillales; Rhodospirillaceae; Magnetospirillum
42	Rhodospirillum centenum SW | ACI97896	cellular organisms; Bacteria; Proteobacteria; Alphaproteobacteria; Rhodospirillales; Rhodospirillaceae; Rhodospirillum; Rhodospirillum centenum
43	Thalassospira xiamenensis M-5 = DSM 17429 | AJD53401	cellular organisms; Bacteria; Proteobacteria; Alphaproteobacteria; Rhodospirillales; Rhodospirillaceae; Thalassospira; Thalassospira xiamenensis
44	Sphingopyxis sp. H080 | KTE27683	cellular organisms; Bacteria; Proteobacteria; Alphaproteobacteria; Sphingomonadales; Sphingomonadaceae; Sphingopyxis
45	alpha proteobacterium AAP38 | KPF81453	cellular organisms; Bacteria; Proteobacteria; Alphaproteobacteria; unclassified Alphaproteobacteria; unclassified Alphaproteobacteria (miscellaneous)
46	Achromobacter sp. 2789STDY5608628 | CUJ73828	cellular organisms; Bacteria; Proteobacteria; Betaproteobacteria; Burkholderiales; Alcaligenaceae; Achromobacter
47	Bordetella bronchiseptica D993 | KDB91793	cellular organisms; Bacteria; Proteobacteria; Betaproteobacteria; Burkholderiales; Alcaligenaceae; Bordetella; Bordetella bronchiseptica
48	Ralstonia pickettii | OCS50361	cellular organisms; Bacteria; Proteobacteria; Betaproteobacteria; Burkholderiales; Burkholderiaceae; Ralstonia
49	Comamonas testosteroni | KGG95302	cellular organisms; Bacteria; Proteobacteria; Betaproteobacteria; Burkholderiales; Comamonadaceae; Comamonas
50	Janthinobacterium sp. B9-8 | AMC34543	cellular organisms; Bacteria; Proteobacteria; Betaproteobacteria; Burkholderiales; Oxalobacteraceae; Janthinobacterium
51	Massilia sp. NR 4-1 | AKU21036	cellular organisms; Bacteria; Proteobacteria; Betaproteobacteria; Burkholderiales; Oxalobacteraceae; Massilia
52	Sutterella sp. CAG:397 | CDD72660	cellular organisms; Bacteria; Proteobacteria; Betaproteobacteria; Burkholderiales; Sutterellaceae
53	Sutterella sp. CAG:351 | CDE47844	cellular organisms; Bacteria; Proteobacteria; Betaproteobacteria; Burkholderiales; Sutterellaceae
54	Sutterella sp. KLE1602 | KXT32309	cellular organisms; Bacteria; Proteobacteria; Betaproteobacteria; Burkholderiales; Sutterellaceae; Sutterella
55	Sutterella parvirubra YIT 11816 | EHY31605	cellular organisms; Bacteria; Proteobacteria; Betaproteobacteria; Burkholderiales; Sutterellaceae; Sutterella; Sutterella parvirubra
56	Sutterella wadsworthensis 3_1_45B | EFW01237	cellular organisms; Bacteria; Proteobacteria; Betaproteobacteria; Burkholderiales; Sutterellaceae; Sutterella; Sutterella wadsworthensis
57	Leptothrix cholodnii SP-6 | ACB33611	cellular organisms; Bacteria; Proteobacteria; Betaproteobacteria; Burkholderiales; unclassified Burkholderiales; Burkholderiales Genera incertae sedis; Leptothrix; Leptothrix cholodnii
58	Laribacter hongkongensis HLHK9 | ACO75065	cellular organisms; Bacteria; Proteobacteria; Betaproteobacteria; Neisseriales; Chromobacteriaceae; Laribacter; Laribacter hongkongensis
59	Sulfuricella denitrificans skB26 | GAB72181	cellular organisms; Bacteria; Proteobacteria; Betaproteobacteria; Nitrosomonadales; Gallionellaceae; Sulfuricella; Sulfuricella denitrificans
60	Dechloromonas aromatica RCB | AAZ48244	cellular organisms; Bacteria; Proteobacteria; Betaproteobacteria; Rhodocyclales; Azonexaceae; Dechloromonas; Dechloromonas aromatica
61	Azoarcus sp. PA01 | KON81735	cellular organisms; Bacteria; Proteobacteria; Betaproteobacteria; Rhodocyclales; Zoogloeaceae; Azoarcus
62	Thauera phenylacetica B4P | ENO96804	cellular organisms; Bacteria; Proteobacteria; Betaproteobacteria; Rhodocyclales; Zoogloeaceae; Thauera; Thauera phenylacetica
63	Candidatus Accumulibacter sp. BA-94 | EXI83783	cellular organisms; Bacteria; Proteobacteria; Betaproteobacteria; unclassified Betaproteobacteria; Candidatus Accumulibacter
64	Betaproteobacteria bacterium SG8_39 | KPK08875	cellular organisms; Bacteria; Proteobacteria; Betaproteobacteria; unclassified Betaproteobacteria; unclassified Betaproteobacteria (miscellaneous)
65	Aeromonas hydrophila | KHE13455	cellular organisms; Bacteria; Proteobacteria; Gammaproteobacteria; Aeromonadales; Aeromonadaceae; Aeromonas
66	Catenovulum agarivorans DS-2 | EWH11964	cellular organisms; Bacteria; Proteobacteria; Gammaproteobacteria; Alteromonadales; Alteromonadaceae; Catenovulum; Catenovulum agarivorans
67	Marinobacter sp. HL-58 | KPP98061	cellular organisms; Bacteria; Proteobacteria; Gammaproteobacteria; Alteromonadales; Alteromonadaceae; Marinobacter
68	Thalassomonas actiniarum | KJE39172	cellular organisms; Bacteria; Proteobacteria; Gammaproteobacteria; Alteromonadales; Colwelliaceae; Thalassomonas
69	Ferrimonas balearica DSM 9799 | ADN77821	cellular organisms; Bacteria; Proteobacteria; Gammaproteobacteria; Alteromonadales; Ferrimonadaceae; Ferrimonas; Ferrimonas balearica
70	Ferrimonas balearica DSM 9799 | ADN77828	cellular organisms; Bacteria; Proteobacteria; Gammaproteobacteria; Alteromonadales; Ferrimonadaceae; Ferrimonas; Ferrimonas balearica
71	Moritella viscosa | SHO15317	cellular organisms; Bacteria; Proteobacteria; Gammaproteobacteria; Alteromonadales; Moritellaceae; Moritella
72	Psychromonas ingrahamii 37 | ABM03915	cellular organisms; Bacteria; Proteobacteria; Gammaproteobacteria; Alteromonadales; Psychromonadaceae; Psychromonas; Psychromonas ingrahamii
73	Shewanella amazonensis SB2B | ABL99829	cellular organisms; Bacteria; Proteobacteria; Gammaproteobacteria; Alteromonadales; Shewanellaceae; Shewanella; Shewanella amazonensis
74	Shewanella baltica OS155 | ABN62988	cellular organisms; Bacteria; Proteobacteria; Gammaproteobacteria; Alteromonadales; Shewanellaceae; Shewanella; Shewanella baltica
75	Cellvibrio sp. BR | EIK44275	cellular organisms; Bacteria; Proteobacteria; Gammaproteobacteria; Cellvibrionales; Cellvibrionaceae; Cellvibrio
76	Saccharophagus degradans 2-40 | ABD79348	cellular organisms; Bacteria; Proteobacteria; Gammaproteobacteria; Cellvibrionales; Cellvibrionaceae; Saccharophagus; Saccharophagus degradans
77	Simiduia agarivorans SA1 = DSM 21679 | AFU98332	cellular organisms; Bacteria; Proteobacteria; Gammaproteobacteria; Cellvibrionales; Cellvibrionaceae; Simiduia; Simiduia agarivorans
78	Thiocapsa sp. KS1 | CRI63872	cellular organisms; Bacteria; Proteobacteria; Gammaproteobacteria; Chromatiales; Chromatiaceae; Thiocapsa
79	Thiocystis violascens DSM 198 | EGZ47324	cellular organisms; Bacteria; Proteobacteria; Gammaproteobacteria; Chromatiales; Chromatiaceae; Thiocystis; Thiocystis violascens
80	Thioalkalivibrio paradoxus ARh 1 | AHE98136	cellular organisms; Bacteria; Proteobacteria; Gammaproteobacteria; Chromatiales; Ectothiorhodospiraceae; Thioalkalivibrio; Thioalkalivibrio paradoxus
81	Pragia fontium | AKJ42898	cellular organisms; Bacteria; Proteobacteria; Gammaproteobacteria; Enterobacterales; Budviciaceae; Pragia
82	Salmonella enterica subsp. enterica serovar Typhimurium str. DT104 | CQE26870	cellular organisms; Bacteria; Proteobacteria; Gammaproteobacteria; Enterobacterales; Enterobacteriaceae; Salmonella; Salmonella enterica; Salmonella enterica subsp. enterica; Salmonella enterica subsp. enterica serovar Typhimurium
83	Pantoea dispersa | KTR91232	cellular organisms; Bacteria; Proteobacteria; Gammaproteobacteria; Enterobacterales; Erwiniaceae; Pantoea
84	Methylomonas methanica | OAH99804	cellular organisms; Bacteria; Proteobacteria; Gammaproteobacteria; Methylococcales; Methylococcaceae; Methylomonas
85	Endozoicomonas numazuensis | KEQ16191	cellular organisms; Bacteria; Proteobacteria; Gammaproteobacteria; Oceanospirillales; Endozoicomonaceae; Endozoicomonas
86	Endozoicomonas numazuensis | KEQ17347	cellular organisms; Bacteria; Proteobacteria; Gammaproteobacteria; Oceanospirillales; Endozoicomonaceae; Endozoicomonas
87	Halomonas sp. GFAJ-1 | EHK61169	cellular organisms; Bacteria; Proteobacteria; Gammaproteobacteria; Oceanospirillales; Halomonadaceae; Halomonas
88	Marinomonas sp. SBI22 | KZM42618	cellular organisms; Bacteria; Proteobacteria; Gammaproteobacteria; Oceanospirillales; Oceanospirillaceae; Marinomonas
89	Osedax symbiont Rs1 | EPJ46756	cellular organisms; Bacteria; Proteobacteria; Gammaproteobacteria; Oceanospirillales; Oceanospirillaceae; unclassified Oceanospirillaceae
90	Oleiphilus sp. HI0080 | KZZ16593	cellular organisms; Bacteria; Proteobacteria; Gammaproteobacteria; Oceanospirillales; Oleiphilaceae; Oleiphilus
91	Reinekea sp. MED297 | EAR08707	cellular organisms; Bacteria; Proteobacteria; Gammaproteobacteria; Oceanospirillales; Saccharospirillaceae; Reinekea; Reinekea blandensis
92	Actinobacillus ureae ATCC 25976 | EFX90545	cellular organisms; Bacteria; Proteobacteria; Gammaproteobacteria; Pasteurellales; Pasteurellaceae; Actinobacillus; Actinobacillus ureae
93	Gallibacterium salpingitidis | OBX06481	cellular organisms; Bacteria; Proteobacteria; Gammaproteobacteria; Pasteurellales; Pasteurellaceae; Gallibacterium
94	Haemophilus sp. CCUG 66565 | OBX86253	cellular organisms; Bacteria; Proteobacteria; Gammaproteobacteria; Pasteurellales; Pasteurellaceae; Haemophilus
95	Pasteurella dagmatis ATCC 43325 | EEX50592	cellular organisms; Bacteria; Proteobacteria; Gammaproteobacteria; Pasteurellales; Pasteurellaceae; Pasteurella; Pasteurella dagmatis
96	Pseudomonas sp. URMO17WK12:I11 | CRL48191	cellular organisms; Bacteria; Proteobacteria; Gammaproteobacteria; Pseudomonadales; Pseudomonadaceae
97	Pseudomonas sp. 2_1_26 | EHF11675	cellular organisms; Bacteria; Proteobacteria; Gammaproteobacteria; Pseudomonadales; Pseudomonadaceae; Pseudomonas
98	Pseudomonas flexibilis | KHO65273	cellular organisms; Bacteria; Proteobacteria; Gammaproteobacteria; Pseudomonadales; Pseudomonadaceae; Pseudomonas
99	Pseudomonas stutzeri NF13 | EMD99130	cellular organisms; Bacteria; Proteobacteria; Gammaproteobacteria; Pseudomonadales; Pseudomonadaceae; Pseudomonas; Pseudomonas stutzeri group; Pseudomonas stutzeri subgroup; Pseudomonas stutzeri
100	Beggiatoa sp. PS | EDN69880	cellular organisms; Bacteria; Proteobacteria; Gammaproteobacteria; Thiotrichales; Thiotrichaceae; Beggiatoa
101	Candidatus Thiomargarita nelsonii | OAD23123	cellular organisms; Bacteria; Proteobacteria; Gammaproteobacteria; Thiotrichales; Thiotrichaceae; Thiomargarita
102	Grimontia hollisae | AMG31975	cellular organisms; Bacteria; Proteobacteria; Gammaproteobacteria; Vibrionales; Vibrionaceae; Grimontia
103	Photobacterium aphoticum | KLV00924	cellular organisms; Bacteria; Proteobacteria; Gammaproteobacteria; Vibrionales; Vibrionaceae; Photobacterium
104	Photobacterium profundum SS9 | CAG20433	cellular organisms; Bacteria; Proteobacteria; Gammaproteobacteria; Vibrionales; Vibrionaceae; Photobacterium; Photobacterium profundum
105	Vibrio cholerae | CSB87193	cellular organisms; Bacteria; Proteobacteria; Gammaproteobacteria; Vibrionales; Vibrionaceae; Vibrio
106	Dyella japonica DSM 16301 | KLD65349	cellular organisms; Bacteria; Proteobacteria; Gammaproteobacteria; Xanthomonadales; Rhodanobacteraceae; Dyella; Dyella japonica
107	Pseudoxanthomonas suwonensis | AKC86336	cellular organisms; Bacteria; Proteobacteria; Gammaproteobacteria; Xanthomonadales; Xanthomonadaceae; Pseudoxanthomonas
108	Candidatus Thioglobus autotrophicus | ALE52945	cellular organisms; Bacteria; Proteobacteria; Gammaproteobacteria; unclassified Gammaproteobacteria; Candidatus Thioglobus
109	Sedimenticola thiotaurini | AKH19828	cellular organisms; Bacteria; Proteobacteria; Gammaproteobacteria; unclassified Gammaproteobacteria; Sedimenticola
110	Thiolapillus brandeum | BAO43832	cellular organisms; Bacteria; Proteobacteria; Gammaproteobacteria; unclassified Gammaproteobacteria; Thiolapillus
111	Thiolapillus brandeum | BAO44836	cellular organisms; Bacteria; Proteobacteria; Gammaproteobacteria; unclassified Gammaproteobacteria; Thiolapillus
112	endosymbiont of Ridgeia piscesae | KRT59364	cellular organisms; Bacteria; Proteobacteria; Gammaproteobacteria; unclassified Gammaproteobacteria; sulfur-oxidizing symbionts
113	Gammaproteobacteria bacterium SG8_47 | KPK39222	cellular organisms; Bacteria; Proteobacteria; Gammaproteobacteria; unclassified Gammaproteobacteria; unclassified Gammaproteobacteria (miscellaneous)
114	Desulfobulbus propionicus DSM 2032 | ADW17542	cellular organisms; Bacteria; Proteobacteria; delta/epsilon subdivisions; Deltaproteobacteria; Desulfobacterales; Desulfobulbaceae; Desulfobulbus; Desulfobulbus propionicus
115	Desulfobacterales bacterium SG8_35 | KPJ98142	cellular organisms; Bacteria; Proteobacteria; delta/epsilon subdivisions; Deltaproteobacteria; Desulfobacterales; unclassified Desulfobacterales
116	Bilophila sp. 4_1_30 | EGW42262	cellular organisms; Bacteria; Proteobacteria; delta/epsilon subdivisions; Deltaproteobacteria; Desulfovibrionales; Desulfovibrionaceae; Bilophila
117	Desulfovibrio sp. 6_1_46AFAA | EGW51707	cellular organisms; Bacteria; Proteobacteria; delta/epsilon subdivisions; Deltaproteobacteria; Desulfovibrionales; Desulfovibrionaceae; Desulfovibrio
118	Geoalkalibacter subterraneus | AJF05543	cellular organisms; Bacteria; Proteobacteria; delta/epsilon subdivisions; Deltaproteobacteria; Desulfuromonadales; Geobacteraceae; Geoalkalibacter
119	Geobacter sp. M18 | ADW11557	cellular organisms; Bacteria; Proteobacteria; delta/epsilon subdivisions; Deltaproteobacteria; Desulfuromonadales; Geobacteraceae; Geobacter
120	Geobacter pickeringii | AJE02263	cellular organisms; Bacteria; Proteobacteria; delta/epsilon subdivisions; Deltaproteobacteria; Desulfuromonadales; Geobacteraceae; Geobacter
121	Anaeromyxobacter sp. PSR-1 | GAO04628	cellular organisms; Bacteria; Proteobacteria; delta/epsilon subdivisions; Deltaproteobacteria; Myxococcales; Cystobacterineae; Anaeromyxobacteraceae; Anaeromyxobacter
122	Cystobacter violaceus Cb vi76 | KFA92432	cellular organisms; Bacteria; Proteobacteria; delta/epsilon subdivisions; Deltaproteobacteria; Myxococcales; Cystobacterineae; Archangiaceae; Archangium; Archangium violaceum
123	Cystobacter fuscus DSM 2262 | EPX63321	cellular organisms; Bacteria; Proteobacteria; delta/epsilon subdivisions; Deltaproteobacteria; Myxococcales; Cystobacterineae; Archangiaceae; Cystobacter; Cystobacter fuscus
124	Sorangium cellulosum So ce56 | CAN94865	cellular organisms; Bacteria; Proteobacteria; delta/epsilon subdivisions; Deltaproteobacteria; Myxococcales; Sorangiineae; Polyangiaceae; Sorangium; Sorangium cellulosum
125	Dissulfuribacter thermophilus | OCC14250	cellular organisms; Bacteria; Proteobacteria; delta/epsilon subdivisions; Deltaproteobacteria; unclassified Deltaproteobacteria; Dissulfuribacter
126	Arcobacter thereius | OCL93939	cellular organisms; Bacteria; Proteobacteria; delta/epsilon subdivisions; Epsilonproteobacteria; Campylobacterales; Campylobacteraceae; Arcobacter
127	Campylobacter concisus UNSWCD | EIF07349	cellular organisms; Bacteria; Proteobacteria; delta/epsilon subdivisions; Epsilonproteobacteria; Campylobacterales; Campylobacteraceae; Campylobacter; Campylobacter concisus
128	Campylobacter fetus subsp. fetus | CUU75413	cellular organisms; Bacteria; Proteobacteria; delta/epsilon subdivisions; Epsilonproteobacteria; Campylobacterales; Campylobacteraceae; Campylobacter; Campylobacter fetus
129	Campylobacter fetus subsp. fetus | CZE51183	cellular organisms; Bacteria; Proteobacteria; delta/epsilon subdivisions; Epsilonproteobacteria; Campylobacterales; Campylobacteraceae; Campylobacter; Campylobacter fetus
130	Campylobacter gracilis RM3268 | EEV18947	cellular organisms; Bacteria; Proteobacteria; delta/epsilon subdivisions; Epsilonproteobacteria; Campylobacterales; Campylobacteraceae; Campylobacter; Campylobacter gracilis
131	Campylobacter hominis ATCC BAA-381 | ABS51551	cellular organisms; Bacteria; Proteobacteria; delta/epsilon subdivisions; Epsilonproteobacteria; Campylobacterales; Campylobacteraceae; Campylobacter; Campylobacter hominis
132	Campylobacter jejuni subsp. jejuni 1928 | EIB83449	cellular organisms; Bacteria; Proteobacteria; delta/epsilon subdivisions; Epsilonproteobacteria; Campylobacterales; Campylobacteraceae; Campylobacter; Campylobacter jejuni; Campylobacter jejuni subsp. jejuni
133	Campylobacter showae CSUNSWCD | EKU12478	cellular organisms; Bacteria; Proteobacteria; delta/epsilon subdivisions; Epsilonproteobacteria; Campylobacterales; Campylobacteraceae; Campylobacter; Campylobacter showae
134	Sulfurospirillum barnesii SES-3 | AAM21158	cellular organisms; Bacteria; Proteobacteria; delta/epsilon subdivisions; Epsilonproteobacteria; Campylobacterales; Campylobacteraceae; Sulfurospirillum; Sulfurospirillum barnesii
135	Helicobacter sp. MIT 01-6242 | ANV98729	cellular organisms; Bacteria; Proteobacteria; delta/epsilon subdivisions; Epsilonproteobacteria; Campylobacterales; Helicobacteraceae; Helicobacter
136	Helicobacter pullorum | OCR16789	cellular organisms; Bacteria; Proteobacteria; delta/epsilon subdivisions; Epsilonproteobacteria; Campylobacterales; Helicobacteraceae; Helicobacter
137	Helicobacter cetorum MIT 99-5656 | AFI06128	cellular organisms; Bacteria; Proteobacteria; delta/epsilon subdivisions; Epsilonproteobacteria; Campylobacterales; Helicobacteraceae; Helicobacter; Helicobacter cetorum
138	Helicobacter cinaedi CCUG 18818 = ATCC BAA-847 | BAM32505	cellular organisms; Bacteria; Proteobacteria; delta/epsilon subdivisions; Epsilonproteobacteria; Campylobacterales; Helicobacteraceae; Helicobacter; Helicobacter cinaedi
139	Helicobacter felis ATCC 49179 | CBY82397	cellular organisms; Bacteria; Proteobacteria; delta/epsilon subdivisions; Epsilonproteobacteria; Campylobacterales; Helicobacteraceae; Helicobacter; Helicobacter felis
140	Helicobacter mustelae 12198 | CBG40364	cellular organisms; Bacteria; Proteobacteria; delta/epsilon subdivisions; Epsilonproteobacteria; Campylobacterales; Helicobacteraceae; Helicobacter; Helicobacter mustelae
141	Sulfuricurvum kujiense DSM 16994 | ADR33357	cellular organisms; Bacteria; Proteobacteria; delta/epsilon subdivisions; Epsilonproteobacteria; Campylobacterales; Helicobacteraceae; Sulfuricurvum; Sulfuricurvum kujiense
142	Sulfurimonas gotlandica GD1 | EHP29116	cellular organisms; Bacteria; Proteobacteria; delta/epsilon subdivisions; Epsilonproteobacteria; Campylobacterales; Helicobacteraceae; Sulfurimonas; Sulfurimonas gotlandica
143	Wolinella succinogenes | CAE10263	cellular organisms; Bacteria; Proteobacteria; delta/epsilon subdivisions; Epsilonproteobacteria; Campylobacterales; Helicobacteraceae; Wolinella
144	Nautilia profundicola AmH | ACM93598	cellular organisms; Bacteria; Proteobacteria; delta/epsilon subdivisions; Epsilonproteobacteria; Nautiliales; Nautiliaceae; Nautilia; Nautilia profundicola
145	Nitratiruptor sp. SB155-2 | BAF70913	cellular organisms; Bacteria; Proteobacteria; delta/epsilon subdivisions; Epsilonproteobacteria; unclassified Epsilonproteobacteria; Nitratiruptor
146	Sulfurovum sp. NBC37-1 | BAF71259	cellular organisms; Bacteria; Proteobacteria; delta/epsilon subdivisions; Epsilonproteobacteria; unclassified Epsilonproteobacteria; Sulfurovum
147	Coriobacteriaceae bacterium CHKCI002 | CVH79892	cellular organisms; Bacteria; Terrabacteria group; Actinobacteria; Coriobacteriia; Coriobacteriales; Coriobacteriaceae; unclassified Coriobacteriaceae
148	Denitrobacterium detoxificans | SEO37300	cellular organisms; Bacteria; Terrabacteria group; Actinobacteria; Coriobacteriia; Eggerthellales; Eggerthellaceae; Denitrobacterium
149	Enterorhabdus caecimuris B7 | EOS53719	cellular organisms; Bacteria; Terrabacteria group; Actinobacteria; Coriobacteriia; Eggerthellales; Eggerthellaceae; Enterorhabdus; Enterorhabdus caecimuris
150	Slackia sp. CM382 | EJU33744	cellular organisms; Bacteria; Terrabacteria group; Actinobacteria; Coriobacteriia; Eggerthellales; Eggerthellaceae; Slackia
151	Ardenticatena maritima | KPL86585	cellular organisms; Bacteria; Terrabacteria group; Chloroflexi; Ardenticatenia; Ardenticatenales; Ardenticatenaceae; Ardenticatena
152	Marinithermus hydrothermalis DSM 14884 | AEB12539	cellular organisms; Bacteria; Terrabacteria group; Deinococcus-Thermus; Deinococci; Thermales; Thermaceae; Marinithermus; Marinithermus hydrothermalis
153	Oceanithermus profundus DSM 14977 | ADR36040	cellular organisms; Bacteria; Terrabacteria group; Deinococcus-Thermus; Deinococci; Thermales; Thermaceae; Oceanithermus; Oceanithermus profundus
154	Bacillus azotoformans LMG 9581 | EKN63995	cellular organisms; Bacteria; Terrabacteria group; Firmicutes; Bacilli; Bacillales; Bacillaceae; Bacillus; Bacillus azotoformans
155	Desulfitobacterium hafniense | CDX04298	cellular organisms; Bacteria; Terrabacteria group; Firmicutes; Clostridia; Clostridiales; Peptococcaceae; Desulfitobacterium
156	Symbiobacterium thermophilum IAM 14863 | BAD39902	cellular organisms; Bacteria; Terrabacteria group; Firmicutes; Clostridia; Clostridiales; Symbiobacteriaceae; Symbiobacterium; Symbiobacterium thermophilum
157	Symbiobacterium thermophilum IAM 14863 | BAD41041	cellular organisms; Bacteria; Terrabacteria group; Firmicutes; Clostridia; Clostridiales; Symbiobacteriaceae; Symbiobacterium; Symbiobacterium thermophilum
158	Clostridiales bacterium PH28_bin88 | KKM09544	cellular organisms; Bacteria; Terrabacteria group; Firmicutes; Clostridia; Clostridiales; unclassified Clostridiales; unclassified Clostridiales (miscellaneous)
159	Selenomonas ruminantium subsp. lactilytica TAM6421 | BAL84826	cellular organisms; Bacteria; Terrabacteria group; Firmicutes; Negativicutes; Selenomonadales; Selenomonadaceae; Selenomonas; Selenomonas ruminantium; Selenomonas ruminantium subsp. lactilytica
160	Sporomusa ovata DSM 2662 | EQB28238	cellular organisms; Bacteria; Terrabacteria group; Firmicutes; Negativicutes; Selenomonadales; Sporomusaceae; Sporomusa; Sporomusa ovata
161	Caldimicrobium thiodismutans | BAU23744	cellular organisms; Bacteria; Thermodesulfobacteria; Thermodesulfobacteria; Thermodesulfobacteriales; Thermodesulfobacteriaceae; Caldimicrobium
162	Candidatus Methylomirabilis oxyfera | CBE69459	cellular organisms; Bacteria; unclassified Bacteria; Bacteria candidate phyla; candidate division NC10; Candidatus Methylomirabilis
163	hydrocarbon metagenome | KUG26824	unclassified sequences; metagenomes; ecological metagenomes
